PFAF_ID_07,n_children,delta_E_m,axis,relief_class,f_up_area,multi_outlet,split_degenerate
1518090,9,1205.7,elevation,high,0.493,False,False
2234096,9,42.5,topology_pfaf,low,0.517,False,False
2239700,9,46.1,topology_pfaf,low,0.578,False,False
2240082,9,267.1,topology_pfaf,low,0.772,False,False
2251409,9,47.9,topology_pfaf,low,0.449,False,False
2254502,9,63.0,topology_pfaf,low,0.388,False,False
2254404,9,20.8,topology_pfaf,low,0.255,False,False
2259020,9,49.8,topology_pfaf,low,0.35,False,False
2256060,9,30.3,topology_pfaf,low,0.446,False,False
2252060,9,26.8,topology_pfaf,low,0.609,False,False
2256090,9,25.0,topology_pfaf,low,0.734,False,False
2260635,9,68.8,topology_pfaf,low,0.477,False,False
2260640,9,67.3,topology_pfaf,low,0.275,False,False
2272040,9,139.9,topology_pfaf,low,0.361,False,False
2273208,7,932.8,elevation,high,0.797,False,False
2271088,9,425.6,topology_pfaf,mixed,0.762,False,False
2273908,9,631.8,elevation,high,0.58,False,False
2276404,9,204.2,topology_pfaf,low,0.676,False,False
2276504,9,137.2,topology_pfaf,low,0.372,False,False
2279144,9,161.4,topology_pfaf,low,0.541,False,False
2276406,9,429.5,topology_pfaf,mixed,0.399,False,False
2279146,9,53.7,topology_pfaf,low,0.197,False,False
2278050,9,635.7,elevation,high,0.512,False,False
2274029,9,525.6,topology_pfaf,mixed,0.484,False,False
2279149,9,50.0,topology_pfaf,low,0.821,False,False
2276250,9,463.8,topology_pfaf,mixed,0.635,False,False
2279160,9,219.1,topology_pfaf,low,0.694,False,False
2279180,9,582.2,topology_pfaf,mixed,0.365,False,False
2276604,9,323.7,topology_pfaf,mixed,0.274,False,False
2279205,9,237.9,topology_pfaf,low,0.344,False,False
2276804,9,367.6,topology_pfaf,mixed,0.827,False,False
2279402,9,545.8,topology_pfaf,mixed,0.621,False,False
2278049,9,641.4,elevation,high,0.527,False,False
2279701,9,324.4,topology_pfaf,mixed,0.391,False,False
2276923,9,601.6,elevation,high,0.413,False,False
2278090,9,997.0,elevation,high,0.439,False,False
2279604,9,222.5,topology_pfaf,low,0.562,False,False
2274099,9,772.0,elevation,high,0.539,False,False
2279606,8,137.8,topology_pfaf,low,0.577,False,False
2279703,9,305.6,topology_pfaf,mixed,0.463,False,False
2276970,9,151.6,topology_pfaf,low,0.567,False,False
2279706,9,843.1,elevation,high,0.516,False,False
2279709,9,358.7,topology_pfaf,mixed,0.555,False,False
2279708,9,727.1,elevation,high,0.662,False,False
2279910,9,236.8,topology_pfaf,low,0.661,False,False
2279930,9,149.5,topology_pfaf,low,0.832,False,False
2279804,9,1199.4,elevation,high,0.58,False,False
2279807,9,611.2,elevation,high,0.643,False,False
2279924,9,261.8,topology_pfaf,low,0.538,False,False
2279960,9,15.9,topology_pfaf,low,0.787,False,False
2279809,9,1003.7,elevation,high,0.579,False,False
2279980,9,1076.1,elevation,high,0.576,False,False
2279999,9,208.9,topology_pfaf,low,0.393,False,False
2140409,9,607.7,elevation,high,0.511,False,False
2140640,9,1697.2,elevation,high,0.602,False,False
2160104,9,928.0,elevation,high,0.657,False,False
2160225,9,497.4,topology_pfaf,mixed,0.585,False,False
2160244,9,1011.8,elevation,high,0.584,False,False
2160267,9,1626.6,elevation,high,0.324,False,False
2160340,9,607.5,elevation,high,0.546,False,False
2160422,9,1118.8,elevation,high,0.904,False,False
2160428,9,1148.2,elevation,high,0.769,False,False
2160508,10,1092.6,elevation,high,0.63,False,False
2321449,9,1222.1,elevation,high,0.821,False,False
2321426,9,406.5,topology_pfaf,mixed,0.409,False,False
2322907,9,367.5,topology_pfaf,mixed,0.368,False,False
2322809,9,561.2,topology_pfaf,mixed,0.345,False,False
2326201,9,131.7,topology_pfaf,low,0.467,False,False
2326302,9,165.1,topology_pfaf,low,0.445,False,False
2326701,9,203.4,topology_pfaf,low,0.125,False,False
2326406,9,109.5,topology_pfaf,low,0.383,False,False
2326706,9,420.7,topology_pfaf,mixed,0.596,False,False
2326609,9,254.4,topology_pfaf,low,0.353,False,False
2326408,9,171.1,topology_pfaf,low,0.63,False,False
2326409,9,135.1,topology_pfaf,low,0.748,False,False
2326804,9,1201.0,elevation,high,0.511,False,False
2326905,9,382.7,topology_pfaf,mixed,0.444,False,False
2326809,9,1402.2,elevation,high,0.419,False,False
2327066,9,196.9,topology_pfaf,low,0.488,False,False
2327068,9,195.1,topology_pfaf,low,0.126,False,False
2327069,9,196.0,topology_pfaf,low,0.42,False,False
2328502,9,401.8,topology_pfaf,mixed,0.416,False,False
2328209,9,135.5,topology_pfaf,low,0.681,False,False
2328505,9,286.8,topology_pfaf,low,0.415,False,False
2328404,9,357.2,topology_pfaf,mixed,0.286,False,False
2328406,9,144.9,topology_pfaf,low,0.543,False,False
2328409,9,279.2,topology_pfaf,low,0.735,False,False
2328508,9,325.4,topology_pfaf,mixed,0.642,False,False
2328800,9,147.5,topology_pfaf,low,0.627,False,False
2328902,9,144.1,topology_pfaf,low,0.66,False,False
2328904,9,232.6,topology_pfaf,low,0.514,False,False
2328906,9,121.1,topology_pfaf,low,0.207,False,False
2410039,8,27.2,topology_pfaf,low,0.169,True,False
2422220,9,343.0,topology_pfaf,mixed,0.209,False,False
2422240,9,347.5,topology_pfaf,mixed,0.541,False,False
2422404,9,45.4,topology_pfaf,low,0.517,False,False
2422704,9,22.7,topology_pfaf,low,0.555,False,False
2422800,9,78.8,topology_pfaf,low,0.48,False,False
2424930,9,44.6,topology_pfaf,low,0.239,False,False
2424806,9,20.6,topology_pfaf,low,0.582,False,False
2424809,9,32.9,topology_pfaf,low,0.358,False,False
2424429,9,108.2,topology_pfaf,low,0.296,False,False
2424445,9,57.8,topology_pfaf,low,0.705,False,False
2424466,9,279.5,topology_pfaf,low,0.435,False,False
2425006,9,94.3,topology_pfaf,low,0.44,False,False
2426020,9,89.6,topology_pfaf,low,0.184,False,False
2426040,9,34.4,topology_pfaf,low,0.52,False,False
2426062,9,55.0,topology_pfaf,low,0.366,False,False
2426072,9,35.3,topology_pfaf,low,0.197,False,False
2426096,9,72.2,topology_pfaf,low,0.79,False,False
2427020,9,99.7,topology_pfaf,low,0.273,False,False
2428040,9,39.0,topology_pfaf,low,0.344,False,False
2428079,7,24.1,topology_pfaf,low,0.68,False,False
2428090,9,59.7,topology_pfaf,low,0.518,False,False
2429400,9,47.0,topology_pfaf,low,0.801,False,False
2429502,9,36.4,topology_pfaf,low,0.549,False,False
2429507,9,64.5,topology_pfaf,low,0.172,True,False
2429630,9,24.2,topology_pfaf,low,0.477,False,False
2429620,9,49.6,topology_pfaf,low,0.524,False,False
2429650,9,74.1,topology_pfaf,low,0.333,False,False
2429649,9,30.6,topology_pfaf,low,0.623,False,False
2429676,9,85.1,topology_pfaf,low,0.322,False,False
2429690,9,94.8,topology_pfaf,low,0.3,False,False
2429809,9,47.0,topology_pfaf,low,0.584,False,False
2432300,9,68.5,topology_pfaf,low,0.436,False,False
2432220,9,156.4,topology_pfaf,low,0.214,False,False
2432412,9,90.6,topology_pfaf,low,0.477,False,False
2432420,9,136.8,topology_pfaf,low,0.759,False,False
2432440,9,118.3,topology_pfaf,low,0.466,False,False
2432260,9,19.1,topology_pfaf,low,0.586,False,False
2432270,9,14.5,topology_pfaf,low,0.518,False,False
2432509,9,12.9,topology_pfaf,low,0.342,False,False
2432286,9,61.1,topology_pfaf,low,0.517,False,False
2432497,9,78.9,topology_pfaf,low,0.557,False,False
2432296,9,45.0,topology_pfaf,low,0.296,False,False
2432860,9,85.6,topology_pfaf,low,0.733,False,False
2432299,9,69.6,topology_pfaf,low,0.638,False,False
2432288,9,30.2,topology_pfaf,low,0.301,False,False
2432890,9,63.4,topology_pfaf,low,0.407,False,False
2432904,9,29.3,topology_pfaf,low,0.52,False,False
2434001,9,49.3,topology_pfaf,low,0.332,False,False
2434003,9,25.1,topology_pfaf,low,0.648,False,False
2434004,9,31.0,topology_pfaf,low,0.329,False,False
2434009,9,50.0,topology_pfaf,low,0.54,False,False
2435109,9,29.5,topology_pfaf,low,0.202,True,False
2435204,9,41.6,topology_pfaf,low,0.709,False,False
2435206,9,17.1,topology_pfaf,low,0.518,False,False
2435209,9,48.7,topology_pfaf,low,0.173,False,False
2435400,9,97.0,topology_pfaf,low,0.316,False,False
2435600,9,86.2,topology_pfaf,low,0.687,False,False
2435706,9,161.5,topology_pfaf,low,0.698,False,False
2435800,9,93.8,topology_pfaf,low,0.534,False,False
2435902,8,101.8,topology_pfaf,low,0.246,False,False
2436007,9,41.9,topology_pfaf,low,0.491,False,False
2436006,9,50.7,topology_pfaf,low,0.514,False,False
2437004,9,167.5,topology_pfaf,low,0.281,False,False
2438030,9,68.3,topology_pfaf,low,0.514,False,False
2438060,9,56.4,topology_pfaf,low,0.506,False,False
2438082,9,52.1,topology_pfaf,low,0.541,False,False
2442030,9,84.2,topology_pfaf,low,0.264,False,False
2442020,9,67.6,topology_pfaf,low,0.476,False,False
2442060,9,412.5,topology_pfaf,mixed,0.352,False,False
2442070,9,402.7,topology_pfaf,mixed,0.219,False,False
2442049,9,323.0,topology_pfaf,mixed,0.66,False,False
2443300,9,214.1,topology_pfaf,low,0.669,True,False
2443404,9,593.4,topology_pfaf,mixed,0.529,False,False
2443502,9,483.2,topology_pfaf,mixed,0.614,False,False
2443506,9,263.6,topology_pfaf,low,0.21,False,False
2443605,9,76.8,topology_pfaf,low,0.298,False,False
2443802,9,508.2,topology_pfaf,mixed,0.294,False,False
2443803,9,111.4,topology_pfaf,low,0.612,False,False
2443906,9,213.9,topology_pfaf,low,0.245,False,False
2444040,9,230.4,topology_pfaf,low,0.866,False,False
2445025,9,85.7,topology_pfaf,low,0.638,False,False
2445024,9,315.1,topology_pfaf,mixed,0.438,False,False
2445029,9,286.3,topology_pfaf,low,0.599,False,False
2445028,9,125.0,topology_pfaf,low,0.464,False,False
2445044,9,83.2,topology_pfaf,low,0.644,False,False
2445089,9,256.2,topology_pfaf,low,0.705,False,False
2445090,7,169.2,topology_pfaf,low,0.414,True,False
2446004,9,322.7,topology_pfaf,mixed,0.345,False,False
2446005,9,84.0,topology_pfaf,low,0.424,False,False
2446009,9,215.6,topology_pfaf,low,0.268,False,False
2447202,9,22.2,topology_pfaf,low,0.513,False,False
2447206,9,92.7,topology_pfaf,low,0.261,False,False
2447209,9,195.4,topology_pfaf,low,0.359,False,False
2447300,8,40.2,topology_pfaf,low,0.44,True,False
2447502,9,127.6,topology_pfaf,low,0.595,False,False
2447600,9,129.7,topology_pfaf,low,0.665,False,False
2447800,9,109.3,topology_pfaf,low,0.345,False,False
2448010,9,40.9,topology_pfaf,low,0.297,False,False
2448060,9,244.5,topology_pfaf,low,0.436,False,False
2449000,8,104.8,topology_pfaf,low,0.296,True,False
2510210,9,194.3,topology_pfaf,low,0.333,False,False
2510230,9,185.7,topology_pfaf,low,0.668,False,False
2510240,9,391.8,topology_pfaf,mixed,0.573,False,False
2510229,9,370.4,topology_pfaf,mixed,0.762,False,False
2510290,9,131.8,topology_pfaf,low,0.463,False,False
2510300,9,307.4,topology_pfaf,mixed,0.221,True,False
2510404,9,636.1,elevation,high,0.437,False,False
2510406,9,582.8,topology_pfaf,mixed,0.708,False,False
2510500,9,680.0,elevation,high,0.74,True,False
2510602,9,800.6,elevation,high,0.581,False,False
2510720,9,504.3,topology_pfaf,mixed,0.654,False,False
2510740,9,810.6,elevation,high,0.766,False,False
2510757,9,538.9,topology_pfaf,mixed,0.331,True,False
2510759,9,580.4,topology_pfaf,mixed,0.316,True,False
2510760,9,673.0,elevation,high,0.693,False,False
2510780,9,445.9,topology_pfaf,mixed,0.674,False,False
2510799,9,99.4,topology_pfaf,low,0.368,True,False
2510800,9,314.0,topology_pfaf,mixed,0.809,False,False
2510920,9,306.4,topology_pfaf,mixed,0.582,False,False
2510970,9,313.5,topology_pfaf,mixed,0.402,True,False
2510997,9,245.0,topology_pfaf,low,0.749,True,False
2510999,8,117.6,topology_pfaf,low,0.46,True,False
2521020,9,487.0,topology_pfaf,mixed,0.517,False,False
2521051,9,284.1,topology_pfaf,low,0.683,True,False
2521064,9,114.2,topology_pfaf,low,0.452,False,False
2521070,9,111.1,topology_pfaf,low,0.265,True,False
2521080,9,128.4,topology_pfaf,low,0.572,False,False
2522003,9,58.8,topology_pfaf,low,0.423,False,False
2522007,9,173.7,topology_pfaf,low,0.428,False,False
2522006,9,142.6,topology_pfaf,low,0.547,False,False
2524006,9,94.4,topology_pfaf,low,0.61,False,False
2525506,9,187.0,topology_pfaf,low,0.697,False,False
2525604,9,135.1,topology_pfaf,low,0.465,False,False
2526045,9,45.5,topology_pfaf,low,0.667,False,False
2526090,9,32.6,topology_pfaf,low,0.789,False,False
2612010,9,39.7,topology_pfaf,low,0.76,False,False
2612098,9,65.0,topology_pfaf,low,0.396,False,False
2614804,9,36.7,topology_pfaf,low,0.532,False,False
2614660,7,51.0,topology_pfaf,low,0.217,False,False
2615030,9,66.7,topology_pfaf,low,0.277,True,False
2616043,9,94.4,topology_pfaf,low,0.568,False,False
2618605,9,64.2,topology_pfaf,low,0.675,False,False
2330240,9,293.3,topology_pfaf,low,0.649,False,False
2410003,9,17.0,topology_pfaf,low,0.539,True,False
2429000,2,0.9,topology_dist,low,0.736,True,False
2710200,9,520.8,topology_pfaf,mixed,0.667,False,False
2710340,9,436.1,topology_pfaf,mixed,0.628,False,False
2710350,9,319.2,topology_pfaf,mixed,0.276,True,False
2710360,9,711.7,elevation,high,0.665,False,False
2710400,9,775.8,elevation,high,0.641,False,False
2710510,9,372.4,topology_pfaf,mixed,0.227,True,False
2710540,9,569.5,topology_pfaf,mixed,0.726,False,False
2710550,9,605.5,elevation,high,0.251,True,False
2710570,9,686.6,elevation,high,0.237,True,False
2710590,9,623.0,elevation,high,0.272,True,False
2710800,9,612.8,elevation,high,0.63,False,False
2828160,9,75.0,topology_pfaf,low,0.634,False,False
2828430,9,66.9,topology_pfaf,low,0.536,False,False
2828990,9,198.5,topology_pfaf,low,0.548,False,False
2831702,9,82.4,topology_pfaf,low,0.486,False,False
2831629,9,64.4,topology_pfaf,low,0.389,False,False
2831806,9,37.0,topology_pfaf,low,0.412,False,False
2833010,7,55.4,topology_pfaf,low,0.775,False,False
2835004,9,52.4,topology_pfaf,low,0.289,False,False
2836100,9,38.3,topology_pfaf,low,0.244,False,False
2833086,9,34.9,topology_pfaf,low,0.334,False,False
2832418,9,68.0,topology_pfaf,low,0.414,False,False
2837040,5,45.3,topology_dist,low,1.0,False,True
2834044,9,49.3,topology_pfaf,low,0.345,False,False
2837060,9,59.3,topology_pfaf,low,0.251,False,False
2836202,9,57.6,topology_pfaf,low,0.714,False,False
2837029,9,48.5,topology_pfaf,low,0.394,False,False
2833089,9,33.1,topology_pfaf,low,0.576,False,False
2832444,9,433.7,topology_pfaf,mixed,0.536,False,False
2839500,9,29.1,topology_pfaf,low,0.434,False,False
2832448,9,330.5,topology_pfaf,mixed,0.498,False,False
2839702,9,43.3,topology_pfaf,low,0.377,False,False
2836648,9,25.9,topology_pfaf,low,0.454,False,False
2832999,9,20.4,topology_pfaf,low,0.514,False,False
2847007,9,1039.9,elevation,high,0.28,True,False
2921099,9,447.2,topology_pfaf,mixed,0.741,False,False
3121080,9,321.0,topology_pfaf,mixed,0.494,False,False
3124383,9,26.9,topology_pfaf,low,0.449,False,False
3124620,9,57.4,topology_pfaf,low,0.513,False,False
3124451,9,24.0,topology_pfaf,low,0.62,False,False
3129341,9,35.5,topology_pfaf,low,0.796,False,False
3124821,9,81.9,topology_pfaf,low,0.358,False,False
3126280,9,271.4,topology_pfaf,low,0.324,False,False
3124834,9,87.0,topology_pfaf,low,0.317,False,False
3124946,7,51.5,topology_pfaf,low,0.38,False,False
3124965,9,98.9,topology_pfaf,low,0.652,False,False
3129413,9,4.5,topology_pfaf,low,0.516,False,False
3124826,9,254.5,topology_pfaf,low,0.523,False,False
3124828,9,417.6,topology_pfaf,mixed,0.461,False,False
3124843,9,81.3,topology_pfaf,low,0.355,False,False
3124876,9,905.8,elevation,high,0.624,False,False
3124869,9,948.8,elevation,high,0.483,False,False
3124997,9,137.5,topology_pfaf,low,0.42,False,False
3124885,9,885.3,elevation,high,0.744,False,False
3129974,9,1674.5,elevation,high,0.703,False,False
3132010,9,15.2,topology_pfaf,low,0.7,False,False
3222120,9,124.2,topology_pfaf,low,0.715,False,False
3222708,9,96.9,topology_pfaf,low,0.477,False,False
3222821,9,160.8,topology_pfaf,low,0.305,False,False
3225803,9,112.5,topology_pfaf,low,0.663,False,False
3227100,9,164.4,topology_pfaf,low,0.464,False,False
3227245,9,100.2,topology_pfaf,low,0.453,False,False
3226650,7,294.8,topology_pfaf,low,0.818,False,False
3226740,9,325.3,topology_pfaf,mixed,0.478,False,False
3227425,9,58.5,topology_pfaf,low,0.329,False,False
3222987,9,71.0,topology_pfaf,low,0.418,False,False
3227517,9,111.0,topology_pfaf,low,0.716,False,False
3226848,9,454.5,topology_pfaf,mixed,0.451,False,False
3227584,9,781.1,elevation,high,0.664,False,False
3227640,9,707.2,elevation,high,0.714,False,False
3227661,9,414.7,topology_pfaf,mixed,0.646,False,False
3227850,9,151.1,topology_pfaf,low,0.687,False,False
3227680,9,857.4,elevation,high,0.503,False,False
3227690,9,770.9,elevation,high,0.538,False,False
3425603,9,136.2,topology_pfaf,low,0.325,False,False
3427100,9,128.0,topology_pfaf,low,0.409,False,False
3424510,9,93.1,topology_pfaf,low,0.71,False,False
3427401,9,171.7,topology_pfaf,low,0.483,False,False
3424911,9,160.2,topology_pfaf,low,0.374,False,False
3429350,9,353.9,topology_pfaf,mixed,0.691,False,False
3424890,9,163.2,topology_pfaf,low,0.594,False,False
3428610,9,141.6,topology_pfaf,low,0.756,False,False
3429506,9,847.1,elevation,high,0.553,False,False
3428920,9,296.9,topology_pfaf,low,0.613,False,False
3428970,9,155.8,topology_pfaf,low,0.409,False,False
3512441,9,77.5,topology_pfaf,low,0.579,False,False
3514923,9,363.6,topology_pfaf,mixed,0.627,False,False
3518229,9,354.0,topology_pfaf,mixed,0.674,False,False
3518291,9,293.8,topology_pfaf,low,0.365,False,False
3518971,9,304.9,topology_pfaf,mixed,0.457,False,False
3518976,9,168.0,topology_pfaf,low,0.358,False,False
3518978,9,163.7,topology_pfaf,low,0.507,False,False
3541477,9,339.0,topology_pfaf,mixed,0.485,False,False
3542460,9,663.3,elevation,high,0.532,False,False
3120149,9,29.7,topology_pfaf,low,0.488,False,False
3120455,7,42.5,topology_pfaf,low,0.284,False,False
3129031,9,68.7,topology_pfaf,low,0.608,False,False
4224964,9,250.6,topology_pfaf,low,0.688,False,False
4228706,9,181.7,topology_pfaf,low,0.722,False,False
4120011,9,158.3,topology_pfaf,low,0.206,True,False
4120012,9,408.9,topology_pfaf,mixed,0.72,False,False
4120013,9,208.2,topology_pfaf,low,0.27,True,False
4120014,9,375.2,topology_pfaf,mixed,0.66,False,False
4120015,9,248.1,topology_pfaf,low,0.359,True,False
4120018,9,489.3,topology_pfaf,mixed,0.424,False,False
4120019,9,430.8,topology_pfaf,mixed,0.449,True,False
4130139,9,321.0,topology_pfaf,mixed,0.238,True,False
4618070,9,1288.2,elevation,high,0.658,False,False
4618080,9,1303.5,elevation,high,0.47,False,False
7722160,9,848.9,elevation,high,0.69,False,False
7722180,9,1048.4,elevation,high,0.575,False,False
7722230,9,1092.2,elevation,high,0.447,False,False
7722223,9,566.1,topology_pfaf,mixed,0.643,False,False
7722229,9,875.1,elevation,high,0.549,False,False
7722270,9,250.5,topology_pfaf,low,0.687,False,False
7723470,8,772.9,elevation,high,0.695,False,False
7722800,9,733.8,elevation,high,0.591,False,False
7723429,9,953.4,elevation,high,0.595,False,False
7723800,9,387.6,topology_pfaf,mixed,0.658,False,False
7724020,10,375.3,topology_pfaf,mixed,0.599,False,False
7725002,10,529.6,topology_pfaf,mixed,0.192,False,False
7727002,9,902.7,elevation,high,0.637,False,False
7724070,10,257.2,topology_pfaf,low,0.475,False,False
7727008,9,892.3,elevation,high,0.453,False,False
7724090,9,426.9,topology_pfaf,mixed,0.223,False,False
7724082,9,725.1,elevation,high,0.415,False,False
7729102,9,874.4,elevation,high,0.713,False,False
7728030,9,295.7,topology_pfaf,low,0.696,False,False
7726060,9,1501.3,elevation,high,0.644,False,False
7729104,9,812.8,elevation,high,0.686,False,False
7728024,9,908.4,elevation,high,0.479,False,False
7728050,9,749.4,elevation,high,0.705,False,False
7728041,9,556.6,topology_pfaf,mixed,0.517,False,False
7728042,9,1135.7,elevation,high,0.731,False,False
7729500,9,812.0,elevation,high,0.494,False,False
7728045,9,727.6,elevation,high,0.717,False,False
7728060,9,754.4,elevation,high,0.558,False,False
7728090,9,436.9,topology_pfaf,mixed,0.263,False,False
7729209,9,925.1,elevation,high,0.569,False,False
7729603,9,252.0,topology_pfaf,low,0.653,False,False
7729602,9,399.6,topology_pfaf,mixed,0.583,False,False
7729808,9,451.9,topology_pfaf,mixed,0.459,False,False
7729904,9,245.5,topology_pfaf,low,0.766,False,False
7729905,9,367.1,topology_pfaf,mixed,0.571,False,False
7729908,9,642.3,elevation,high,0.56,False,False
7729909,9,712.2,elevation,high,0.786,False,False
7741600,9,505.0,topology_pfaf,mixed,0.502,False,False
7744220,9,1509.0,elevation,high,0.49,False,False
7744230,9,1072.9,elevation,high,0.706,False,False
7744400,9,1641.8,elevation,high,0.89,False,False
7744240,9,2357.4,elevation,high,0.481,False,False
7744260,9,2167.2,elevation,high,0.54,False,False
7744604,9,1054.0,elevation,high,0.54,False,False
7744280,9,2728.5,elevation,high,0.635,False,False
7744930,9,1045.5,elevation,high,0.692,False,False
7744950,9,622.6,elevation,high,0.647,False,False
7744970,10,823.8,elevation,high,0.461,False,False
7747000,9,603.3,elevation,high,0.435,True,False
7748020,9,594.1,topology_pfaf,mixed,0.385,False,False
7748070,9,487.9,topology_pfaf,mixed,0.706,False,False
7748090,9,256.6,topology_pfaf,low,0.214,False,False
7748080,10,187.8,topology_pfaf,low,0.291,False,False
7810029,9,746.0,elevation,high,0.556,False,False
7810066,9,1204.7,elevation,high,0.654,False,False
7821002,9,918.4,elevation,high,0.689,False,False
7823006,9,632.4,elevation,high,0.608,False,False
7824001,9,353.0,topology_pfaf,mixed,0.35,False,False
7822006,9,951.0,elevation,high,1.0,False,True
7822009,9,921.2,elevation,high,0.555,False,False
7822008,9,644.5,elevation,high,0.518,False,False
7825060,9,535.4,topology_pfaf,mixed,0.362,False,False
7824006,9,550.8,topology_pfaf,mixed,0.79,False,False
7825080,9,539.4,topology_pfaf,mixed,0.511,False,False
7824009,9,255.7,topology_pfaf,low,0.539,False,False
7825024,9,329.0,topology_pfaf,mixed,0.281,False,False
7826126,9,665.4,elevation,high,0.581,False,False
7826160,9,678.3,elevation,high,0.52,False,False
7826170,5,708.9,elevation,high,0.541,False,False
7827064,9,681.0,elevation,high,0.6,False,False
7829101,9,254.0,topology_pfaf,low,0.172,False,False
7826180,9,807.0,elevation,high,0.593,False,False
7827066,9,930.4,elevation,high,0.516,False,False
7827068,9,586.2,topology_pfaf,mixed,0.49,False,False
7827069,9,555.0,topology_pfaf,mixed,0.534,False,False
7826202,9,374.9,topology_pfaf,mixed,0.692,False,False
7829102,9,465.6,topology_pfaf,mixed,0.548,False,False
7828020,9,485.6,topology_pfaf,mixed,0.598,False,False
7829106,9,418.4,topology_pfaf,mixed,0.502,False,False
7829108,9,1026.5,elevation,high,0.36,False,False
7828040,9,249.4,topology_pfaf,low,0.541,False,False
7826504,9,339.3,topology_pfaf,mixed,0.461,False,False
7826610,9,597.0,topology_pfaf,mixed,0.492,False,False
7826406,9,365.9,topology_pfaf,mixed,0.296,False,False
7826911,9,308.7,topology_pfaf,mixed,0.559,False,False
7829409,9,922.1,elevation,high,0.521,False,False
7829209,9,416.2,topology_pfaf,mixed,0.564,False,False
7826820,9,276.3,topology_pfaf,low,0.269,False,False
7826409,9,413.8,topology_pfaf,mixed,0.622,False,False
7828090,9,439.8,topology_pfaf,mixed,0.753,False,False
7829800,9,846.8,elevation,high,0.546,False,False
7829910,9,185.7,topology_pfaf,low,0.41,False,False
7829605,9,333.0,topology_pfaf,mixed,0.531,False,False
7826840,9,451.7,topology_pfaf,mixed,0.711,False,False
7826630,9,567.1,topology_pfaf,mixed,0.699,False,False
7829920,9,736.4,elevation,high,0.648,False,False
7829606,9,354.1,topology_pfaf,mixed,0.554,False,False
7829940,9,584.7,topology_pfaf,mixed,0.698,False,False
7826859,9,260.6,topology_pfaf,low,0.638,False,False
7826650,9,260.8,topology_pfaf,low,0.326,False,False
7826641,9,427.7,topology_pfaf,mixed,0.423,False,False
7829956,9,398.9,topology_pfaf,mixed,0.662,False,False
7826930,9,456.5,topology_pfaf,mixed,0.68,False,False
7826920,9,370.1,topology_pfaf,mixed,0.604,False,False
7826870,9,750.5,elevation,high,0.524,False,False
7826860,9,723.6,elevation,high,0.486,False,False
7826950,9,548.6,topology_pfaf,mixed,0.417,False,False
7826660,9,555.7,topology_pfaf,mixed,0.745,False,False
7826890,9,667.4,elevation,high,0.624,False,False
7826680,9,326.5,topology_pfaf,mixed,0.553,False,False
7826649,9,410.3,topology_pfaf,mixed,0.474,False,False
7826648,9,238.0,topology_pfaf,low,0.482,False,False
7829980,9,550.1,topology_pfaf,mixed,0.53,False,False
7826990,9,579.8,topology_pfaf,mixed,0.627,False,False
7829999,9,379.0,topology_pfaf,mixed,0.573,False,False
7831060,9,720.2,elevation,high,0.481,False,False
7831080,9,969.1,elevation,high,0.772,False,False
7832106,9,846.8,elevation,high,0.801,False,False
7832220,9,166.1,topology_pfaf,low,0.608,False,False
7832306,9,324.5,topology_pfaf,mixed,0.518,False,False
7832240,9,252.3,topology_pfaf,low,0.66,False,False
7832250,9,507.8,topology_pfaf,mixed,0.413,False,False
7832280,9,552.3,topology_pfaf,mixed,0.248,False,False
7832266,9,419.0,topology_pfaf,mixed,0.377,False,False
7832269,9,668.5,elevation,high,0.512,False,False
7832409,9,670.9,elevation,high,0.416,False,False
7832408,9,806.8,elevation,high,0.486,False,False
7832506,9,605.3,elevation,high,0.815,False,False
7832820,9,279.5,topology_pfaf,low,0.438,False,False
7832920,9,187.3,topology_pfaf,low,0.7,False,False
7832850,9,197.1,topology_pfaf,low,0.697,False,False
7832841,9,126.7,topology_pfaf,low,0.324,False,False
7832960,9,705.3,elevation,high,0.436,False,False
7832980,9,483.2,topology_pfaf,mixed,0.318,False,False
7832860,9,127.2,topology_pfaf,low,0.561,False,False
7832880,9,261.2,topology_pfaf,low,0.248,False,False
7832849,9,229.8,topology_pfaf,low,0.377,False,False
7832999,9,597.5,topology_pfaf,mixed,0.718,False,False
7833102,9,508.4,topology_pfaf,mixed,0.612,False,False
7833200,8,474.0,topology_pfaf,mixed,0.877,False,False
7833400,9,496.5,topology_pfaf,mixed,0.432,False,False
7833505,9,591.6,topology_pfaf,mixed,0.287,True,False
7833600,9,579.5,topology_pfaf,mixed,0.273,False,False
7833800,9,394.6,topology_pfaf,mixed,0.539,False,False
7834010,9,291.9,topology_pfaf,low,0.537,False,False
7834040,9,426.7,topology_pfaf,mixed,0.479,False,False
7834050,9,371.7,topology_pfaf,mixed,0.586,False,False
7834070,5,250.1,topology_dist,low,1.0,False,True
7836001,9,424.5,topology_pfaf,mixed,0.291,False,False
7838040,9,487.7,topology_pfaf,mixed,0.387,False,False
7838060,9,344.4,topology_pfaf,mixed,0.443,False,False
7839050,9,602.3,elevation,high,0.208,True,False
7114010,9,138.7,topology_pfaf,low,0.513,False,False
7118118,9,47.9,topology_pfaf,low,0.269,False,False
7118220,9,59.0,topology_pfaf,low,0.422,False,False
7118520,9,100.1,topology_pfaf,low,0.558,False,False
7118263,7,47.1,topology_pfaf,low,0.57,False,False
7118560,9,92.9,topology_pfaf,low,0.592,False,False
7118269,9,74.2,topology_pfaf,low,0.587,False,False
7118700,9,21.2,topology_pfaf,low,0.549,False,False
7118602,9,89.1,topology_pfaf,low,0.738,False,False
7118609,9,138.2,topology_pfaf,low,0.352,False,False
7118608,9,72.6,topology_pfaf,low,0.378,False,False
7118970,9,64.8,topology_pfaf,low,0.36,False,False
7118290,9,78.9,topology_pfaf,low,0.395,False,False
7119008,9,87.4,topology_pfaf,low,0.663,False,False
7121106,9,83.7,topology_pfaf,low,0.785,False,False
7121107,9,43.2,topology_pfaf,low,0.57,False,False
7121202,9,74.7,topology_pfaf,low,0.304,False,False
7121704,9,54.2,topology_pfaf,low,0.505,False,False
7122360,9,37.6,topology_pfaf,low,0.364,False,False
7122390,9,73.4,topology_pfaf,low,0.388,False,False
7122230,9,13.0,topology_pfaf,low,0.395,False,False
7122416,9,61.6,topology_pfaf,low,0.464,False,False
7122616,9,115.1,topology_pfaf,low,0.582,False,False
7122421,9,35.4,topology_pfaf,low,0.382,False,False
7122620,9,95.8,topology_pfaf,low,0.349,False,False
7122654,7,144.4,topology_pfaf,low,0.627,False,False
7122422,9,43.1,topology_pfaf,low,0.422,False,False
7122423,9,39.3,topology_pfaf,low,0.81,False,False
7122659,9,67.7,topology_pfaf,low,0.513,False,False
7122260,9,121.8,topology_pfaf,low,0.552,False,False
7122424,9,22.5,topology_pfaf,low,0.527,False,False
7122674,7,127.6,topology_pfaf,low,0.405,False,False
7122676,9,165.9,topology_pfaf,low,0.393,False,False
7122664,9,72.1,topology_pfaf,low,0.903,False,False
7122820,9,113.9,topology_pfaf,low,0.416,False,False
7122296,9,174.9,topology_pfaf,low,0.648,False,False
7122920,9,223.1,topology_pfaf,low,0.459,False,False
7122289,9,142.4,topology_pfaf,low,0.67,False,False
7122440,9,59.9,topology_pfaf,low,0.521,False,False
7122692,9,98.7,topology_pfaf,low,0.814,False,False
7122470,5,29.5,topology_dist,low,1.0,False,True
7122460,9,60.4,topology_pfaf,low,0.711,False,False
7122682,9,113.8,topology_pfaf,low,0.437,False,False
7122482,9,84.5,topology_pfaf,low,0.526,False,False
7122429,9,65.1,topology_pfaf,low,0.695,False,False
7122428,9,44.7,topology_pfaf,low,0.634,False,False
7122684,9,33.5,topology_pfaf,low,0.502,False,False
7122960,9,123.7,topology_pfaf,low,0.52,False,False
7122853,9,63.0,topology_pfaf,low,0.524,False,False
7122843,9,107.5,topology_pfaf,low,0.35,False,False
7122697,9,39.4,topology_pfaf,low,0.692,False,False
7122499,9,89.6,topology_pfaf,low,0.494,False,False
7122498,9,81.6,topology_pfaf,low,0.753,False,False
7122848,9,69.6,topology_pfaf,low,0.8,False,False
7122849,9,80.0,topology_pfaf,low,0.657,False,False
7125060,9,218.1,topology_pfaf,low,0.436,False,False
7122880,9,66.7,topology_pfaf,low,0.364,False,False
7124404,9,23.3,topology_pfaf,low,0.615,False,False
7122894,9,71.6,topology_pfaf,low,0.574,False,False
7122996,9,78.9,topology_pfaf,low,0.541,False,False
7122999,9,36.0,topology_pfaf,low,0.477,False,False
7124706,9,63.7,topology_pfaf,low,0.606,False,False
7124800,9,1007.7,elevation,high,0.693,False,False
7124904,9,1161.4,elevation,high,0.538,False,False
7128004,9,584.3,topology_pfaf,mixed,0.447,False,False
7128006,9,734.8,elevation,high,0.479,False,False
7128009,9,561.1,topology_pfaf,mixed,0.519,False,False
7126060,9,62.7,topology_pfaf,low,0.733,False,False
7126090,9,1075.5,elevation,high,0.648,False,False
7124909,9,384.3,topology_pfaf,mixed,0.457,False,False
7129006,9,861.4,elevation,high,0.58,False,False
7129009,9,788.9,elevation,high,0.556,False,False
7132700,9,37.8,topology_pfaf,low,0.568,False,False
7132604,9,70.6,topology_pfaf,low,0.704,False,False
7134904,9,44.4,topology_pfaf,low,0.49,False,False
7135250,9,29.2,topology_pfaf,low,0.589,False,False
7135240,9,29.3,topology_pfaf,low,0.497,False,False
7135267,9,57.8,topology_pfaf,low,0.237,False,False
7135297,9,104.9,topology_pfaf,low,0.21,False,False
7135655,9,50.5,topology_pfaf,low,0.414,False,False
7135660,9,61.8,topology_pfaf,low,0.519,False,False
7135670,9,48.9,topology_pfaf,low,0.278,False,False
7136650,9,52.8,topology_pfaf,low,0.491,False,False
7136660,9,174.4,topology_pfaf,low,0.534,False,False
7136680,9,183.8,topology_pfaf,low,0.657,False,False
7136910,9,110.9,topology_pfaf,low,0.505,False,False
7136692,9,151.4,topology_pfaf,low,0.327,False,False
7136805,9,76.1,topology_pfaf,low,0.453,False,False
7136806,9,52.1,topology_pfaf,low,0.486,False,False
7136980,9,19.0,topology_pfaf,low,0.593,False,False
7138106,9,203.7,topology_pfaf,low,0.646,False,False
7138108,9,78.8,topology_pfaf,low,0.372,False,False
7138300,5,29.4,topology_dist,low,1.0,False,True
7138401,9,45.3,topology_pfaf,low,0.344,False,False
7138600,9,176.5,topology_pfaf,low,0.386,False,False
7138801,9,49.2,topology_pfaf,low,0.586,False,False
7138409,9,105.5,topology_pfaf,low,0.579,False,False
7138207,9,28.3,topology_pfaf,low,0.53,False,False
7211066,9,35.1,topology_pfaf,low,0.56,False,False
7211069,9,25.1,topology_pfaf,low,0.458,False,False
7212050,9,31.6,topology_pfaf,low,0.176,False,False
7212070,9,78.9,topology_pfaf,low,0.481,False,False
7214050,9,53.4,topology_pfaf,low,0.51,False,False
7215002,9,147.0,topology_pfaf,low,0.773,False,False
7218066,9,84.1,topology_pfaf,low,0.244,False,False
7219220,9,143.4,topology_pfaf,low,0.623,False,False
7219403,9,143.8,topology_pfaf,low,0.586,False,False
7224080,9,34.4,topology_pfaf,low,0.604,False,False
7231609,9,209.3,topology_pfaf,low,0.642,False,False
7234016,9,64.8,topology_pfaf,low,0.463,False,False
7234044,9,62.2,topology_pfaf,low,0.536,False,False
7235054,9,202.7,topology_pfaf,low,0.452,False,False
7235060,9,52.9,topology_pfaf,low,0.399,False,False
7236009,9,112.2,topology_pfaf,low,0.575,False,False
7239080,9,231.7,topology_pfaf,low,0.3,False,False
7240810,9,309.1,topology_pfaf,mixed,0.596,False,False
7240830,9,326.4,topology_pfaf,mixed,0.457,False,False
7240820,9,489.6,topology_pfaf,mixed,0.205,False,False
7240841,9,232.9,topology_pfaf,low,0.398,False,False
7240870,9,235.5,topology_pfaf,low,0.278,False,False
7240864,9,222.6,topology_pfaf,low,0.497,False,False
7240869,9,101.5,topology_pfaf,low,0.479,False,False
7240893,9,141.2,topology_pfaf,low,0.331,False,False
7240900,9,488.4,topology_pfaf,mixed,0.241,True,False
7251003,9,466.6,topology_pfaf,mixed,0.453,False,False
7251002,9,272.0,topology_pfaf,low,0.626,False,False
7251004,9,500.4,topology_pfaf,mixed,0.663,False,False
7251006,9,329.2,topology_pfaf,mixed,0.615,False,False
7253030,9,261.3,topology_pfaf,low,0.808,False,False
7253020,9,193.4,topology_pfaf,low,0.497,False,False
7253042,9,143.2,topology_pfaf,low,0.878,False,False
7253061,9,163.8,topology_pfaf,low,0.313,False,False
7252020,9,87.2,topology_pfaf,low,0.795,False,False
7252030,9,86.9,topology_pfaf,low,0.688,False,False
7253080,9,387.1,topology_pfaf,mixed,0.607,False,False
7253090,9,140.3,topology_pfaf,low,0.814,False,False
7255101,9,188.2,topology_pfaf,low,0.53,False,False
7253063,9,461.8,topology_pfaf,mixed,0.47,False,False
7253062,9,327.2,topology_pfaf,mixed,0.505,False,False
7252070,9,139.0,topology_pfaf,low,0.422,False,False
7253066,9,159.6,topology_pfaf,low,0.484,False,False
7254104,9,159.8,topology_pfaf,low,0.76,False,False
7255104,9,483.7,topology_pfaf,mixed,0.577,False,False
7253069,9,165.7,topology_pfaf,low,0.573,False,False
7254108,9,19.2,topology_pfaf,low,0.697,False,False
7254500,9,63.4,topology_pfaf,low,0.709,False,False
7255106,9,368.8,topology_pfaf,mixed,0.405,False,False
7254710,5,115.0,topology_dist,low,1.0,False,True
7254600,9,201.7,topology_pfaf,low,0.378,False,False
7255201,9,64.9,topology_pfaf,low,0.385,False,False
7255302,9,479.3,topology_pfaf,mixed,0.531,False,False
7255304,9,221.7,topology_pfaf,low,0.588,False,False
7255510,9,14.5,topology_pfaf,low,0.712,False,False
7254720,9,117.0,topology_pfaf,low,0.491,False,False
7254740,9,135.5,topology_pfaf,low,0.753,False,False
7254760,9,232.7,topology_pfaf,low,0.512,False,False
7255520,9,343.7,topology_pfaf,mixed,0.745,False,False
7255402,9,193.6,topology_pfaf,low,0.35,False,False
7255207,9,72.1,topology_pfaf,low,0.471,False,False
7255406,9,179.3,topology_pfaf,low,0.498,False,False
7255540,9,60.4,topology_pfaf,low,0.803,False,False
7255550,9,208.0,topology_pfaf,low,0.453,False,False
7254780,9,60.1,topology_pfaf,low,0.526,False,False
7254800,9,58.9,topology_pfaf,low,0.523,False,False
7255560,9,235.1,topology_pfaf,low,0.526,False,False
7254920,9,72.4,topology_pfaf,low,0.687,False,False
7255573,9,38.0,topology_pfaf,low,0.541,False,False
7254950,9,37.4,topology_pfaf,low,0.589,False,False
7254960,9,17.0,topology_pfaf,low,0.515,False,False
7255575,9,64.7,topology_pfaf,low,0.508,False,False
7255590,9,26.0,topology_pfaf,low,0.433,False,False
7255580,9,100.4,topology_pfaf,low,0.314,False,False
7255602,5,83.0,topology_dist,low,1.0,False,True
7255740,9,171.0,topology_pfaf,low,0.254,False,False
7255760,9,48.0,topology_pfaf,low,0.8,False,False
7255604,9,37.3,topology_pfaf,low,0.85,False,False
7255777,8,19.0,topology_pfaf,low,0.476,False,False
7255608,9,53.4,topology_pfaf,low,0.308,False,False
7255780,5,178.4,topology_dist,low,0.611,False,False
7255900,8,114.7,topology_pfaf,low,0.863,False,False
7255820,9,194.6,topology_pfaf,low,0.51,False,False
7255830,9,52.0,topology_pfaf,low,0.574,False,False
7257040,9,106.1,topology_pfaf,low,0.438,False,False
7255860,9,60.4,topology_pfaf,low,0.469,False,False
7256042,9,204.4,topology_pfaf,low,0.667,False,False
7256043,9,35.2,topology_pfaf,low,0.456,False,False
7257062,9,217.2,topology_pfaf,low,0.565,False,False
7255880,9,85.8,topology_pfaf,low,0.374,False,False
7256044,9,168.4,topology_pfaf,low,0.28,False,False
7258102,9,85.0,topology_pfaf,low,0.538,False,False
7256070,9,51.0,topology_pfaf,low,0.43,False,False
7256060,9,185.2,topology_pfaf,low,0.567,False,False
7256048,9,166.7,topology_pfaf,low,0.714,False,False
7256049,9,61.0,topology_pfaf,low,0.491,False,False
7258107,9,22.9,topology_pfaf,low,0.67,False,False
7258106,9,77.7,topology_pfaf,low,0.604,False,False
7257068,9,161.2,topology_pfaf,low,0.415,False,False
7256090,9,155.8,topology_pfaf,low,0.701,False,False
7259116,9,54.7,topology_pfaf,low,0.486,False,False
7259118,9,264.5,topology_pfaf,low,0.255,False,False
7258108,9,70.1,topology_pfaf,low,0.44,False,False
7258220,9,209.8,topology_pfaf,low,0.531,False,False
7258320,9,194.4,topology_pfaf,low,0.672,False,False
7258330,9,16.3,topology_pfaf,low,0.549,False,False
7258270,9,86.5,topology_pfaf,low,0.355,False,False
7258260,9,264.5,topology_pfaf,low,0.6,False,False
7258340,9,99.2,topology_pfaf,low,0.328,False,False
7258360,9,120.6,topology_pfaf,low,0.546,False,False
7258370,9,47.1,topology_pfaf,low,0.493,False,False
7259630,9,187.8,topology_pfaf,low,0.596,False,False
7259202,9,122.7,topology_pfaf,low,0.775,False,False
7259801,9,13.0,topology_pfaf,low,0.494,False,False
7258400,9,175.3,topology_pfaf,low,0.49,False,False
7258601,9,74.3,topology_pfaf,low,0.428,False,False
7258702,9,124.6,topology_pfaf,low,0.363,False,False
7258704,9,125.9,topology_pfaf,low,0.559,False,False
7258280,9,31.8,topology_pfaf,low,0.526,False,False
7259802,9,198.3,topology_pfaf,low,0.292,False,False
7259804,9,289.9,topology_pfaf,low,0.412,False,False
7258299,9,212.8,topology_pfaf,low,0.547,False,False
7259920,9,254.7,topology_pfaf,low,0.424,False,False
7259808,9,61.8,topology_pfaf,low,0.42,False,False
7259977,9,121.5,topology_pfaf,low,0.282,False,False
7258606,9,32.2,topology_pfaf,low,0.703,False,False
7259969,9,249.3,topology_pfaf,low,0.411,False,False
7259990,9,66.7,topology_pfaf,low,0.543,False,False
7260130,9,194.0,topology_pfaf,low,0.222,True,False
7260171,9,333.3,topology_pfaf,mixed,0.23,True,False
7260200,9,251.5,topology_pfaf,low,0.544,False,False
7260402,9,122.0,topology_pfaf,low,0.723,False,False
7260501,9,164.0,topology_pfaf,low,0.219,True,False
7260602,9,273.2,topology_pfaf,low,0.548,False,False
7260713,9,87.5,topology_pfaf,low,0.284,True,False
7260730,9,86.9,topology_pfaf,low,0.204,True,False
7260810,9,68.6,topology_pfaf,low,0.531,False,False
7260820,9,79.0,topology_pfaf,low,0.567,False,False
7260840,9,207.2,topology_pfaf,low,0.605,False,False
7260860,9,114.2,topology_pfaf,low,0.41,False,False
7260874,9,74.2,topology_pfaf,low,0.504,False,False
7260890,9,91.1,topology_pfaf,low,0.546,False,False
7260880,9,56.9,topology_pfaf,low,0.618,False,False
7311104,9,88.9,topology_pfaf,low,0.45,False,False
7311107,9,66.9,topology_pfaf,low,0.2,True,False
7311204,9,216.7,topology_pfaf,low,0.548,False,False
7311206,9,83.7,topology_pfaf,low,0.422,False,False
7311209,9,272.1,topology_pfaf,low,0.776,False,False
7311208,9,249.3,topology_pfaf,low,0.767,False,False
7311300,9,63.7,topology_pfaf,low,0.279,True,False
7311402,9,481.2,topology_pfaf,mixed,0.517,False,False
7311409,9,115.0,topology_pfaf,low,0.737,False,False
7311500,5,106.7,topology_dist,low,0.579,True,False
7311600,9,457.0,topology_pfaf,mixed,0.486,False,False
7311700,7,81.0,topology_pfaf,low,0.694,True,False
7311805,9,139.2,topology_pfaf,low,0.472,False,False
7311908,9,129.7,topology_pfaf,low,0.335,False,False
7312007,9,147.7,topology_pfaf,low,0.701,False,False
7312009,9,202.9,topology_pfaf,low,0.693,False,False
7313000,9,198.9,topology_pfaf,low,0.624,True,False
7314010,9,114.4,topology_pfaf,low,0.409,False,False
7314020,8,197.4,topology_pfaf,low,0.139,False,False
7314030,9,283.2,topology_pfaf,low,0.677,False,False
7314070,9,236.9,topology_pfaf,low,0.403,False,False
7314090,9,260.7,topology_pfaf,low,0.593,False,False
7314080,9,239.1,topology_pfaf,low,0.378,False,False
7315040,9,115.1,topology_pfaf,low,0.734,False,False
7315063,9,115.2,topology_pfaf,low,0.55,False,False
7315062,9,186.8,topology_pfaf,low,0.338,False,False
7315064,9,371.7,topology_pfaf,mixed,0.432,False,False
7315065,9,246.4,topology_pfaf,low,0.596,False,False
7316030,9,147.3,topology_pfaf,low,0.497,False,False
7316020,9,186.8,topology_pfaf,low,0.74,False,False
7316049,9,47.1,topology_pfaf,low,0.315,False,False
7316060,9,121.2,topology_pfaf,low,0.538,False,False
7316090,9,99.1,topology_pfaf,low,0.212,False,False
7316080,9,56.4,topology_pfaf,low,0.467,False,False
7318050,9,104.6,topology_pfaf,low,0.665,False,False
7318040,9,342.4,topology_pfaf,mixed,0.262,False,False
7318080,9,471.2,topology_pfaf,mixed,0.656,False,False
7318090,9,523.2,topology_pfaf,mixed,0.506,False,False
7428410,9,74.5,topology_pfaf,low,0.293,False,False
7426677,9,33.1,topology_pfaf,low,0.153,False,False
7429170,5,58.0,topology_dist,low,0.749,False,False
7426649,9,53.3,topology_pfaf,low,0.53,False,False
7428504,9,95.3,topology_pfaf,low,0.67,False,False
7428260,9,66.4,topology_pfaf,low,0.716,False,False
7428633,9,29.8,topology_pfaf,low,0.667,False,False
7428723,9,60.3,topology_pfaf,low,0.662,False,False
7429188,9,98.0,topology_pfaf,low,0.794,False,False
7426699,9,31.9,topology_pfaf,low,0.357,False,False
7428733,9,62.3,topology_pfaf,low,0.655,False,False
7428732,9,138.2,topology_pfaf,low,0.519,False,False
7424890,9,699.6,elevation,high,0.551,False,False
7428430,7,69.4,topology_pfaf,low,0.345,False,False
7428627,9,61.1,topology_pfaf,low,0.134,False,False
7428734,9,82.1,topology_pfaf,low,0.513,False,False
7426769,9,48.8,topology_pfaf,low,0.446,False,False
7428442,9,72.5,topology_pfaf,low,0.526,False,False
7424250,9,181.3,topology_pfaf,low,0.444,False,False
7428724,9,26.2,topology_pfaf,low,0.528,False,False
7428738,9,71.3,topology_pfaf,low,0.538,False,False
7428726,9,55.0,topology_pfaf,low,0.51,False,False
7428727,9,21.9,topology_pfaf,low,0.443,False,False
7428640,9,73.1,topology_pfaf,low,0.398,False,False
7429340,9,78.1,topology_pfaf,low,0.444,False,False
7428480,9,32.1,topology_pfaf,low,0.599,False,False
7428490,9,113.0,topology_pfaf,low,0.24,False,False
7424260,10,569.5,topology_pfaf,mixed,0.226,False,False
7428752,9,75.1,topology_pfaf,low,0.866,False,False
7429370,7,54.8,topology_pfaf,low,0.587,False,False
7428754,9,84.4,topology_pfaf,low,0.595,False,False
7428756,9,160.9,topology_pfaf,low,0.425,False,False
7428757,9,56.2,topology_pfaf,low,0.381,False,False
7426789,9,45.3,topology_pfaf,low,0.405,False,False
7424993,9,179.5,topology_pfaf,low,0.392,False,False
7429380,9,87.5,topology_pfaf,low,0.549,False,False
7428758,9,63.0,topology_pfaf,low,0.587,False,False
7424280,10,727.5,elevation,high,0.619,False,False
7428770,9,52.5,topology_pfaf,low,0.579,False,False
7426840,9,434.8,topology_pfaf,mixed,0.576,False,False
7424994,9,645.4,elevation,high,0.436,False,False
7428747,9,143.0,topology_pfaf,low,0.409,False,False
7429410,5,42.8,topology_dist,low,0.832,False,False
7428762,9,95.0,topology_pfaf,low,0.363,False,False
7424996,9,1014.3,elevation,high,0.467,False,False
7429245,9,356.4,topology_pfaf,mixed,0.452,False,False
7424987,9,448.5,topology_pfaf,mixed,0.728,False,False
7426860,9,521.6,topology_pfaf,mixed,0.48,False,False
7424999,9,1246.2,elevation,high,0.657,False,False
7429512,9,65.2,topology_pfaf,low,0.703,False,False
7428783,9,33.0,topology_pfaf,low,0.332,False,False
7428810,9,38.4,topology_pfaf,low,0.404,False,False
7429516,9,87.6,topology_pfaf,low,0.414,False,False
7426880,9,301.8,topology_pfaf,mixed,0.529,False,False
7428768,9,88.4,topology_pfaf,low,0.602,False,False
7428769,9,111.6,topology_pfaf,low,0.402,False,False
7428940,9,71.5,topology_pfaf,low,0.508,False,False
7426957,9,22.9,topology_pfaf,low,0.594,False,False
7426946,9,50.9,topology_pfaf,low,0.44,False,False
7428787,9,36.3,topology_pfaf,low,0.564,False,False
7429427,9,106.4,topology_pfaf,low,0.418,False,False
7426949,9,28.7,topology_pfaf,low,0.584,False,False
7428822,9,43.4,topology_pfaf,low,0.233,False,False
7428749,9,36.0,topology_pfaf,low,0.491,False,False
7426960,9,62.2,topology_pfaf,low,0.349,False,False
7429536,9,144.3,topology_pfaf,low,0.605,False,False
7428840,9,112.5,topology_pfaf,low,0.374,False,False
7429444,9,330.6,topology_pfaf,mixed,0.453,False,False
7429522,9,96.0,topology_pfaf,low,0.537,False,False
7429541,9,33.9,topology_pfaf,low,0.27,False,False
7426982,8,398.5,topology_pfaf,mixed,0.648,False,False
7426992,9,288.6,topology_pfaf,low,0.246,False,False
7426993,9,90.3,topology_pfaf,low,0.738,False,False
7429527,9,46.4,topology_pfaf,low,0.413,False,False
7426994,9,175.2,topology_pfaf,low,0.44,False,False
7426986,9,423.8,topology_pfaf,mixed,0.496,False,False
7428890,9,107.8,topology_pfaf,low,0.44,False,False
7429565,9,305.3,topology_pfaf,mixed,0.246,False,False
7429564,9,161.1,topology_pfaf,low,0.311,False,False
7429449,9,287.4,topology_pfaf,low,0.673,False,False
7426997,9,68.0,topology_pfaf,low,0.366,False,False
7426996,9,69.7,topology_pfaf,low,0.672,False,False
7426989,9,342.6,topology_pfaf,mixed,0.775,False,False
7429529,9,29.9,topology_pfaf,low,0.685,False,False
7428990,9,48.1,topology_pfaf,low,0.232,False,False
7428980,7,22.0,topology_pfaf,low,0.46,False,False
7426999,9,48.9,topology_pfaf,low,0.433,False,False
7429547,5,38.2,topology_dist,low,0.494,False,False
7429474,9,82.6,topology_pfaf,low,0.782,False,False
7429549,10,116.9,topology_pfaf,low,0.57,False,False
7429548,10,142.8,topology_pfaf,low,0.14,False,False
7429582,9,306.8,topology_pfaf,mixed,0.435,False,False
7429598,9,204.9,topology_pfaf,low,0.459,False,False
7429569,9,329.5,topology_pfaf,mixed,0.465,False,False
7429587,9,177.0,topology_pfaf,low,0.452,False,False
7429491,9,428.6,topology_pfaf,mixed,0.473,False,False
7429620,9,153.9,topology_pfaf,low,0.596,False,False
7429468,9,1247.8,elevation,high,0.6,False,False
7429469,9,1260.6,elevation,high,0.569,False,False
7429721,9,129.7,topology_pfaf,low,0.535,False,False
7429589,9,249.9,topology_pfaf,low,0.672,False,False
7429657,9,433.1,topology_pfaf,mixed,0.66,False,False
7429489,10,404.3,topology_pfaf,mixed,0.661,False,False
7429772,9,49.8,topology_pfaf,low,0.645,False,False
7429774,9,171.1,topology_pfaf,low,0.679,False,False
7429764,9,183.6,topology_pfaf,low,0.592,False,False
7429746,9,123.7,topology_pfaf,low,0.565,False,False
7429747,9,177.5,topology_pfaf,low,0.416,False,False
7429778,9,123.6,topology_pfaf,low,0.331,False,False
7429660,9,407.8,topology_pfaf,mixed,0.553,False,False
7429497,10,566.3,topology_pfaf,mixed,0.31,False,False
7429496,10,223.9,topology_pfaf,low,0.374,False,False
7429690,9,344.8,topology_pfaf,mixed,0.592,False,False
7429649,9,175.9,topology_pfaf,low,0.671,False,False
7429785,9,113.8,topology_pfaf,low,0.385,False,False
7429932,9,169.9,topology_pfaf,low,0.406,False,False
7429934,9,111.5,topology_pfaf,low,0.618,False,False
7429789,9,203.2,topology_pfaf,low,0.361,False,False
7429788,9,114.0,topology_pfaf,low,0.511,False,False
7429941,9,134.8,topology_pfaf,low,0.591,False,False
7429952,9,149.3,topology_pfaf,low,0.347,False,False
7429852,7,331.7,topology_pfaf,mixed,0.43,False,False
7429944,9,257.5,topology_pfaf,low,0.425,False,False
7429822,9,224.6,topology_pfaf,low,0.553,False,False
7429947,9,194.5,topology_pfaf,low,0.652,False,False
7429847,9,153.1,topology_pfaf,low,0.472,False,False
7429861,9,296.8,topology_pfaf,low,0.686,False,False
7429874,9,819.4,elevation,high,0.526,False,False
7429965,9,270.8,topology_pfaf,low,0.452,False,False
7429824,9,805.6,elevation,high,0.362,False,False
7429862,9,1397.0,elevation,high,0.758,False,False
7429865,9,796.4,elevation,high,0.472,False,False
7429864,5,1188.2,elevation,high,0.496,False,False
7429880,9,1277.4,elevation,high,0.557,False,False
7429949,9,466.9,topology_pfaf,mixed,0.46,False,False
7429969,9,570.7,topology_pfaf,mixed,0.415,False,False
7429892,8,1410.9,elevation,high,0.62,False,False
7429829,9,414.1,topology_pfaf,mixed,0.42,False,False
7429991,10,576.6,topology_pfaf,mixed,0.627,False,False
7429867,9,734.3,elevation,high,0.824,False,False
7429987,7,168.0,topology_pfaf,low,0.34,False,False
7429995,9,496.0,topology_pfaf,mixed,0.604,False,False
7429869,9,446.2,topology_pfaf,mixed,0.509,False,False
7429899,9,998.5,elevation,high,0.723,False,False
7429898,3,548.6,topology_dist,mixed,1.0,False,True
7429988,9,486.1,topology_pfaf,mixed,0.199,False,False
7429996,9,413.9,topology_pfaf,mixed,0.248,False,False
7429997,9,423.1,topology_pfaf,mixed,0.582,False,False
7521660,9,973.9,elevation,high,0.418,False,False
7521695,9,159.9,topology_pfaf,low,0.739,False,False
7521699,10,900.8,elevation,high,0.65,False,False
7521920,9,543.1,topology_pfaf,mixed,0.254,False,False
7521946,9,396.2,topology_pfaf,mixed,0.357,False,False
7521959,9,394.2,topology_pfaf,mixed,0.465,False,False
7521948,9,168.2,topology_pfaf,low,0.371,False,False
7521960,9,307.7,topology_pfaf,mixed,0.509,False,False
7521973,9,502.6,topology_pfaf,mixed,0.32,False,False
7521980,9,498.0,topology_pfaf,mixed,0.824,False,False
7521990,9,946.9,elevation,high,0.421,False,False
7230100,9,80.6,topology_pfaf,low,0.282,True,False
7230200,9,200.8,topology_pfaf,low,0.363,False,False
7230303,9,209.3,topology_pfaf,low,0.389,True,False
7230309,9,175.2,topology_pfaf,low,0.287,True,False
7230409,9,204.7,topology_pfaf,low,0.543,False,False
7230500,7,115.7,topology_pfaf,low,0.31,True,False
7230600,9,153.5,topology_pfaf,low,0.481,False,False
7230710,9,42.4,topology_pfaf,low,0.192,True,False
7230755,9,23.2,topology_pfaf,low,0.623,True,False
7230909,9,253.7,topology_pfaf,low,0.187,True,False
7260003,8,239.1,topology_pfaf,low,0.289,True,False
7738180,9,852.4,elevation,high,0.562,False,False
7738167,9,658.3,elevation,high,0.645,False,False
7738168,9,531.8,topology_pfaf,mixed,0.627,False,False
7738199,9,366.1,topology_pfaf,mixed,0.737,False,False
7734012,9,845.4,elevation,high,0.657,False,False
7734014,9,361.1,topology_pfaf,mixed,0.479,False,False
7734016,9,247.4,topology_pfaf,low,0.538,False,False
7734019,9,261.0,topology_pfaf,low,0.664,False,False
7738320,9,594.3,topology_pfaf,mixed,0.497,False,False
7738379,9,441.2,topology_pfaf,mixed,0.471,False,False
7738380,7,268.5,topology_pfaf,low,0.494,False,False
7738390,9,405.4,topology_pfaf,mixed,0.168,False,False
7744014,9,1040.7,elevation,high,0.666,False,False
7744019,9,1489.9,elevation,high,0.501,False,False
7720001,9,590.9,topology_pfaf,mixed,0.474,False,False
7735069,9,349.9,topology_pfaf,mixed,0.648,False,False
7829009,9,906.5,elevation,high,0.608,False,False
7736052,10,293.3,topology_pfaf,low,0.576,False,False
7521051,9,341.8,topology_pfaf,mixed,0.719,False,False
7122001,9,51.2,topology_pfaf,low,0.446,False,False
7124001,10,136.3,topology_pfaf,low,0.173,True,False
7735010,9,716.7,elevation,high,0.751,False,False
7735080,3,106.1,topology_dist,low,0.746,True,False
7735030,4,290.6,topology_dist,low,0.664,True,False
7736030,10,337.5,topology_pfaf,mixed,0.42,True,False
7737030,4,414.7,topology_dist,mixed,0.415,True,False
7124200,6,16.9,topology_pfaf,low,0.448,True,False
7124007,8,56.1,topology_pfaf,low,0.276,True,False
8111022,9,642.5,elevation,high,0.495,False,False
8111029,9,238.6,topology_pfaf,low,0.576,False,False
8112030,9,485.3,topology_pfaf,mixed,0.666,False,False
8112050,9,782.5,elevation,high,0.496,False,False
8113017,9,418.0,topology_pfaf,mixed,0.478,True,False
8113040,9,730.7,elevation,high,0.673,False,False
8113050,9,749.9,elevation,high,0.339,True,False
8113080,9,716.5,elevation,high,0.494,False,False
8114030,9,707.9,elevation,high,0.477,False,False
8114040,9,699.7,elevation,high,0.691,False,False
8114071,9,745.9,elevation,high,0.469,False,False
8124710,9,534.0,topology_pfaf,mixed,0.421,False,False
8124720,9,470.8,topology_pfaf,mixed,0.501,False,False
8124740,9,594.8,topology_pfaf,mixed,0.59,False,False
8124793,9,652.3,elevation,high,0.729,False,False
8124900,9,1552.1,elevation,high,0.721,False,False
8126060,9,187.7,topology_pfaf,low,0.498,False,False
8127080,9,496.5,topology_pfaf,mixed,0.416,False,False
8127090,9,199.4,topology_pfaf,low,0.603,False,False
8126092,9,242.0,topology_pfaf,low,0.386,False,False
8128010,9,153.0,topology_pfaf,low,0.331,False,False
8128020,9,372.1,topology_pfaf,mixed,0.376,False,False
8129504,9,353.0,topology_pfaf,mixed,0.45,False,False
8129460,9,235.7,topology_pfaf,low,0.307,False,False
8129603,9,147.7,topology_pfaf,low,0.642,False,False
8129810,9,201.9,topology_pfaf,low,0.641,False,False
8129901,9,231.6,topology_pfaf,low,0.289,False,False
8129480,9,265.0,topology_pfaf,low,0.719,False,False
8129820,9,421.3,topology_pfaf,mixed,0.574,False,False
8129860,9,368.3,topology_pfaf,mixed,0.859,False,False
8129870,9,383.5,topology_pfaf,mixed,0.638,False,False
8129906,9,423.2,topology_pfaf,mixed,0.47,False,False
8129880,9,469.9,topology_pfaf,mixed,0.517,False,False
8129890,9,203.9,topology_pfaf,low,0.786,False,False
8135012,9,311.4,topology_pfaf,mixed,0.371,False,False
8139026,7,339.4,topology_pfaf,mixed,0.425,False,False
8221100,9,29.5,topology_pfaf,low,0.366,False,False
8221211,9,470.5,topology_pfaf,mixed,0.362,False,False
8221300,7,92.6,topology_pfaf,low,0.615,False,False
8221406,9,840.6,elevation,high,0.626,False,False
8221270,9,255.1,topology_pfaf,low,0.775,False,False
8223406,9,544.9,topology_pfaf,mixed,0.35,False,False
8222401,9,122.0,topology_pfaf,low,0.591,False,False
8223601,9,184.9,topology_pfaf,low,0.59,False,False
8223702,9,913.4,elevation,high,0.676,False,False
8223900,9,166.1,topology_pfaf,low,0.183,False,False
8222930,9,125.2,topology_pfaf,low,0.655,False,False
8225130,9,118.3,topology_pfaf,low,0.671,False,False
8224103,9,144.1,topology_pfaf,low,0.707,False,False
8222950,9,109.2,topology_pfaf,low,0.524,False,False
8225140,9,345.2,topology_pfaf,mixed,0.418,False,False
8224240,9,430.5,topology_pfaf,mixed,0.476,False,False
8224270,9,783.5,elevation,high,0.454,False,False
8225209,9,214.6,topology_pfaf,low,0.419,False,False
8224750,9,468.2,topology_pfaf,mixed,0.592,False,False
8224740,9,823.4,elevation,high,0.797,False,False
8226231,9,40.2,topology_pfaf,low,0.358,False,False
8226222,9,168.3,topology_pfaf,low,0.549,False,False
8224760,9,177.2,topology_pfaf,low,0.593,False,False
8226270,9,154.2,topology_pfaf,low,0.64,False,False
8226244,9,144.2,topology_pfaf,low,0.423,False,False
8225487,9,53.8,topology_pfaf,low,0.368,False,False
8224806,9,360.5,topology_pfaf,mixed,0.557,False,False
8226917,9,70.0,topology_pfaf,low,0.832,False,False
8225493,9,232.2,topology_pfaf,low,0.379,False,False
8224699,9,687.0,elevation,high,0.515,False,False
8225489,9,263.1,topology_pfaf,low,0.403,False,False
8226280,9,70.4,topology_pfaf,low,0.317,False,False
8224960,9,374.1,topology_pfaf,mixed,0.497,False,False
8228412,9,175.7,topology_pfaf,low,0.704,False,False
8224948,9,307.4,topology_pfaf,mixed,0.441,False,False
8228502,9,257.9,topology_pfaf,low,0.424,False,False
8228504,9,230.0,topology_pfaf,low,0.538,False,False
8228509,9,116.1,topology_pfaf,low,0.488,False,False
8228508,9,286.4,topology_pfaf,low,0.532,False,False
8228461,9,133.5,topology_pfaf,low,0.359,False,False
8228660,9,61.5,topology_pfaf,low,0.764,False,False
8229240,9,69.5,topology_pfaf,low,0.455,False,False
8228499,9,115.8,topology_pfaf,low,0.605,False,False
8228708,9,77.2,topology_pfaf,low,0.408,False,False
8228709,9,57.3,topology_pfaf,low,0.492,False,False
8229367,9,212.2,topology_pfaf,low,0.585,False,False
8229390,9,196.3,topology_pfaf,low,0.326,False,False
8229504,9,174.0,topology_pfaf,low,0.237,False,False
8228970,9,165.9,topology_pfaf,low,0.156,False,False
8229506,9,170.3,topology_pfaf,low,0.535,False,False
8229508,9,256.3,topology_pfaf,low,0.592,False,False
8228929,9,373.4,topology_pfaf,mixed,0.59,False,False
8229480,9,697.5,elevation,high,0.4,False,False
8228991,9,488.8,topology_pfaf,mixed,0.283,False,False
8229770,9,589.8,topology_pfaf,mixed,0.506,False,False
8229606,9,123.4,topology_pfaf,low,0.735,False,False
8229722,9,348.2,topology_pfaf,mixed,0.518,False,False
8229950,9,604.6,elevation,high,0.822,False,False
8229940,9,469.5,topology_pfaf,mixed,0.525,False,False
8229922,9,384.0,topology_pfaf,mixed,0.124,False,False
8229804,9,321.0,topology_pfaf,mixed,0.238,False,False
8229970,9,460.1,topology_pfaf,mixed,0.397,False,False
8229960,9,440.2,topology_pfaf,mixed,0.361,False,False
8230424,9,171.3,topology_pfaf,low,0.54,False,False
8313060,9,244.1,topology_pfaf,low,0.249,False,False
8318901,9,55.0,topology_pfaf,low,0.4,False,False
8324210,9,102.5,topology_pfaf,low,0.777,False,False
8324410,9,68.0,topology_pfaf,low,0.757,False,False
8324509,9,33.6,topology_pfaf,low,0.547,False,False
8324600,9,89.6,topology_pfaf,low,0.56,False,False
8324280,9,60.4,topology_pfaf,low,0.557,False,False
