PFAF_ID_07,status_T600,review_priority,review_class,review_decision,review_note,reviewer,review_date
2276404,invalid_other,0,T600_invalid,,,,
2279402,invalid_other,0,T600_invalid,,,,
2327066,invalid_other,0,T600_invalid,,,,
2410003,invalid_multi_outlet,0,T600_invalid,,,,
2410039,invalid_multi_outlet,0,T600_invalid,,,,
2429000,invalid_multi_outlet,0,T600_invalid,,,,
2429507,invalid_multi_outlet,0,T600_invalid,,,,
2435109,invalid_multi_outlet,0,T600_invalid,,,,
2443300,invalid_multi_outlet,0,T600_invalid,,,,
2445090,invalid_multi_outlet,0,T600_invalid,,,,
2447300,invalid_multi_outlet,0,T600_invalid,,,,
2449000,invalid_multi_outlet,0,T600_invalid,,,,
2510300,invalid_multi_outlet,0,T600_invalid,,,,
2510500,invalid_multi_outlet,0,T600_invalid,,,,
2510757,invalid_multi_outlet,0,T600_invalid,,,,
2510759,invalid_multi_outlet,0,T600_invalid,,,,
2510799,invalid_multi_outlet,0,T600_invalid,,,,
2510970,invalid_multi_outlet,0,T600_invalid,,,,
2510997,invalid_multi_outlet,0,T600_invalid,,,,
2510999,invalid_multi_outlet,0,T600_invalid,,,,
2521051,invalid_multi_outlet,0,T600_invalid,,,,
2521070,invalid_multi_outlet,0,T600_invalid,,,,
2615030,invalid_multi_outlet,0,T600_invalid,,,,
2710350,invalid_multi_outlet,0,T600_invalid,,,,
2710510,invalid_multi_outlet,0,T600_invalid,,,,
2710550,invalid_multi_outlet,0,T600_invalid,,,,
2710570,invalid_multi_outlet,0,T600_invalid,,,,
2710590,invalid_multi_outlet,0,T600_invalid,,,,
2832444,invalid_other,0,T600_invalid,,,,
2837040,invalid_one_sided,0,T600_invalid,,,,
2847007,invalid_multi_outlet,0,T600_invalid,,,,
4120011,invalid_multi_outlet,0,T600_invalid,,,,
4120013,invalid_multi_outlet,0,T600_invalid,,,,
4120015,invalid_multi_outlet,0,T600_invalid,,,,
4120019,invalid_multi_outlet,0,T600_invalid,,,,
4130139,invalid_multi_outlet,0,T600_invalid,,,,
7122470,invalid_one_sided,0,T600_invalid,,,,
7124001,invalid_multi_outlet,0,T600_invalid,,,,
7124007,invalid_multi_outlet,0,T600_invalid,,,,
7124200,invalid_multi_outlet,0,T600_invalid,,,,
7138300,invalid_one_sided,0,T600_invalid,,,,
7230100,invalid_multi_outlet,0,T600_invalid,,,,
7230303,invalid_multi_outlet,0,T600_invalid,,,,
7230309,invalid_multi_outlet,0,T600_invalid,,,,
7230500,invalid_multi_outlet,0,T600_invalid,,,,
7230710,invalid_multi_outlet,0,T600_invalid,,,,
7230755,invalid_multi_outlet,0,T600_invalid,,,,
7230909,invalid_multi_outlet,0,T600_invalid,,,,
7240900,invalid_multi_outlet,0,T600_invalid,,,,
7254710,invalid_one_sided,0,T600_invalid,,,,
7255602,invalid_one_sided,0,T600_invalid,,,,
7260003,invalid_multi_outlet,0,T600_invalid,,,,
7260130,invalid_multi_outlet,0,T600_invalid,,,,
7260171,invalid_multi_outlet,0,T600_invalid,,,,
7260501,invalid_multi_outlet,0,T600_invalid,,,,
7260713,invalid_multi_outlet,0,T600_invalid,,,,
7260730,invalid_multi_outlet,0,T600_invalid,,,,
7311107,invalid_multi_outlet,0,T600_invalid,,,,
7311300,invalid_multi_outlet,0,T600_invalid,,,,
7311500,invalid_multi_outlet,0,T600_invalid,,,,
7311700,invalid_multi_outlet,0,T600_invalid,,,,
7313000,invalid_multi_outlet,0,T600_invalid,,,,
7429898,invalid_one_sided,0,T600_invalid,,,,
7735030,invalid_multi_outlet,0,T600_invalid,,,,
7735080,invalid_multi_outlet,0,T600_invalid,,,,
7736030,invalid_multi_outlet,0,T600_invalid,,,,
7737030,invalid_multi_outlet,0,T600_invalid,,,,
7747000,invalid_multi_outlet,0,T600_invalid,,,,
7822006,invalid_one_sided,0,T600_invalid,,,,
7833505,invalid_multi_outlet,0,T600_invalid,,,,
7834070,invalid_one_sided,0,T600_invalid,,,,
7839050,invalid_multi_outlet,0,T600_invalid,,,,
8113017,invalid_multi_outlet,0,T600_invalid,,,,
8113050,invalid_multi_outlet,0,T600_invalid,,,,
3124828,valid_T600,1,threshold_validity_change,,,,
4120018,valid_T600,1,threshold_validity_change,,,,
7429988,valid_T600,1,threshold_validity_change,,,,
7836001,valid_T600,1,threshold_validity_change,,,,
8128020,valid_T600,1,threshold_validity_change,,,,
8224240,valid_T600,1,threshold_validity_change,,,,
2271088,valid_T600,2,label_change,,,,
2273908,valid_T600,2,label_change,,,,
2276604,valid_T600,2,label_change,,,,
2276804,valid_T600,2,label_change,,,,
2276923,valid_T600,2,label_change,,,,
2278049,valid_T600,2,label_change,,,,
2278050,valid_T600,2,label_change,,,,
2279701,valid_T600,2,label_change,,,,
2322809,valid_T600,2,label_change,,,,
2322907,valid_T600,2,label_change,,,,
2326706,valid_T600,2,label_change,,,,
2328404,valid_T600,2,label_change,,,,
2328508,valid_T600,2,label_change,,,,
2422220,valid_T600,2,label_change,,,,
2442049,valid_T600,2,label_change,,,,
2442060,valid_T600,2,label_change,,,,
2442070,valid_T600,2,label_change,,,,
2443404,valid_T600,2,label_change,,,,
2443802,valid_T600,2,label_change,,,,
2445024,valid_T600,2,label_change,,,,
2446004,valid_T600,2,label_change,,,,
2510229,valid_T600,2,label_change,,,,
2510404,valid_T600,2,label_change,,,,
2510406,valid_T600,2,label_change,,,,
2510800,valid_T600,2,label_change,,,,
2710200,valid_T600,2,label_change,,,,
2710340,valid_T600,2,label_change,,,,
2710360,valid_T600,2,label_change,,,,
2710400,valid_T600,2,label_change,,,,
2710540,valid_T600,2,label_change,,,,
2921099,valid_T600,2,label_change,,,,
3227640,valid_T600,2,label_change,,,,
3227661,valid_T600,2,label_change,,,,
3429350,valid_T600,2,label_change,,,,
3518229,valid_T600,2,label_change,,,,
3541477,valid_T600,2,label_change,,,,
3542460,valid_T600,2,label_change,,,,
4120012,valid_T600,2,label_change,,,,
7128006,valid_T600,2,label_change,,,,
7240820,valid_T600,2,label_change,,,,
7253063,valid_T600,2,label_change,,,,
7255106,valid_T600,2,label_change,,,,
7255520,valid_T600,2,label_change,,,,
7318040,valid_T600,2,label_change,,,,
7318090,valid_T600,2,label_change,,,,
7424260,valid_T600,2,label_change,,,,
7424890,valid_T600,2,label_change,,,,
7424987,valid_T600,2,label_change,,,,
7426860,valid_T600,2,label_change,,,,
7429245,valid_T600,2,label_change,,,,
7429444,valid_T600,2,label_change,,,,
7429489,valid_T600,2,label_change,,,,
7429491,valid_T600,2,label_change,,,,
7429497,valid_T600,2,label_change,,,,
7429565,valid_T600,2,label_change,,,,
7429852,valid_T600,2,label_change,,,,
7429867,valid_T600,2,label_change,,,,
7429969,valid_T600,2,label_change,,,,
7429991,valid_T600,2,label_change,,,,
7429996,valid_T600,2,label_change,,,,
7521051,valid_T600,2,label_change,,,,
7521920,valid_T600,2,label_change,,,,
7521946,valid_T600,2,label_change,,,,
7521959,valid_T600,2,label_change,,,,
7521960,valid_T600,2,label_change,,,,
7521973,valid_T600,2,label_change,,,,
7521980,valid_T600,2,label_change,,,,
7722800,valid_T600,2,label_change,,,,
7723470,valid_T600,2,label_change,,,,
7724090,valid_T600,2,label_change,,,,
7725002,valid_T600,2,label_change,,,,
7728050,valid_T600,2,label_change,,,,
7728090,valid_T600,2,label_change,,,,
7729808,valid_T600,2,label_change,,,,
7729908,valid_T600,2,label_change,,,,
7729909,valid_T600,2,label_change,,,,
7734014,valid_T600,2,label_change,,,,
7735010,valid_T600,2,label_change,,,,
7738199,valid_T600,2,label_change,,,,
7738390,valid_T600,2,label_change,,,,
7748020,valid_T600,2,label_change,,,,
7810029,valid_T600,2,label_change,,,,
7824001,valid_T600,2,label_change,,,,
7825024,valid_T600,2,label_change,,,,
7825060,valid_T600,2,label_change,,,,
7826170,valid_T600,2,label_change,,,,
7826202,valid_T600,2,label_change,,,,
7826406,valid_T600,2,label_change,,,,
7826409,valid_T600,2,label_change,,,,
7826504,valid_T600,2,label_change,,,,
7826641,valid_T600,2,label_change,,,,
7826649,valid_T600,2,label_change,,,,
7826660,valid_T600,2,label_change,,,,
7826870,valid_T600,2,label_change,,,,
7826911,valid_T600,2,label_change,,,,
7826920,valid_T600,2,label_change,,,,
7826950,valid_T600,2,label_change,,,,
7826990,valid_T600,2,label_change,,,,
7827064,valid_T600,2,label_change,,,,
7829920,valid_T600,2,label_change,,,,
7829956,valid_T600,2,label_change,,,,
7829980,valid_T600,2,label_change,,,,
7832266,valid_T600,2,label_change,,,,
7832280,valid_T600,2,label_change,,,,
7832409,valid_T600,2,label_change,,,,
7832506,valid_T600,2,label_change,,,,
7832960,valid_T600,2,label_change,,,,
7832980,valid_T600,2,label_change,,,,
7833102,valid_T600,2,label_change,,,,
7833600,valid_T600,2,label_change,,,,
7834040,valid_T600,2,label_change,,,,
7838040,valid_T600,2,label_change,,,,
7838060,valid_T600,2,label_change,,,,
8111022,valid_T600,2,label_change,,,,
8113080,valid_T600,2,label_change,,,,
8114040,valid_T600,2,label_change,,,,
8124710,valid_T600,2,label_change,,,,
8124793,valid_T600,2,label_change,,,,
8127080,valid_T600,2,label_change,,,,
8129504,valid_T600,2,label_change,,,,
8129906,valid_T600,2,label_change,,,,
8135012,valid_T600,2,label_change,,,,
8139026,valid_T600,2,label_change,,,,
8223406,valid_T600,2,label_change,,,,
8224960,valid_T600,2,label_change,,,,
8228991,valid_T600,2,label_change,,,,
8229804,valid_T600,2,label_change,,,,
8229922,valid_T600,2,label_change,,,,
8229950,valid_T600,2,label_change,,,,
8229960,valid_T600,2,label_change,,,,
1518090,valid_T600,3,stable,,,,
2140409,valid_T600,3,stable,,,,
2140640,valid_T600,3,stable,,,,
2160104,valid_T600,3,stable,,,,
2160225,valid_T600,3,stable,,,,
2160244,valid_T600,3,stable,,,,
2160267,valid_T600,3,stable,,,,
2160340,valid_T600,3,stable,,,,
2160422,valid_T600,3,stable,,,,
2160428,valid_T600,3,stable,,,,
2160508,valid_T600,3,stable,,,,
2234096,valid_T600,3,stable,,,,
2239700,valid_T600,3,stable,,,,
2240082,valid_T600,3,stable,,,,
2251409,valid_T600,3,stable,,,,
2252060,valid_T600,3,stable,,,,
2254404,valid_T600,3,stable,,,,
2254502,valid_T600,3,stable,,,,
2256060,valid_T600,3,stable,,,,
2256090,valid_T600,3,stable,,,,
2259020,valid_T600,3,stable,,,,
2260635,valid_T600,3,stable,,,,
2260640,valid_T600,3,stable,,,,
2272040,valid_T600,3,stable,,,,
2273208,valid_T600,3,stable,,,,
2274029,valid_T600,3,stable,,,,
2274099,valid_T600,3,stable,,,,
2276250,valid_T600,3,stable,,,,
2276406,valid_T600,3,stable,,,,
2276504,valid_T600,3,stable,,,,
2276970,valid_T600,3,stable,,,,
2278090,valid_T600,3,stable,,,,
2279144,valid_T600,3,stable,,,,
2279146,valid_T600,3,stable,,,,
2279149,valid_T600,3,stable,,,,
2279160,valid_T600,3,stable,,,,
2279180,valid_T600,3,stable,,,,
2279205,valid_T600,3,stable,,,,
2279604,valid_T600,3,stable,,,,
2279606,valid_T600,3,stable,,,,
2279703,valid_T600,3,stable,,,,
2279706,valid_T600,3,stable,,,,
2279708,valid_T600,3,stable,,,,
2279709,valid_T600,3,stable,,,,
2279804,valid_T600,3,stable,,,,
2279807,valid_T600,3,stable,,,,
2279809,valid_T600,3,stable,,,,
2279910,valid_T600,3,stable,,,,
2279924,valid_T600,3,stable,,,,
2279930,valid_T600,3,stable,,,,
2279960,valid_T600,3,stable,,,,
2279980,valid_T600,3,stable,,,,
2279999,valid_T600,3,stable,,,,
2321426,valid_T600,3,stable,,,,
2321449,valid_T600,3,stable,,,,
2326201,valid_T600,3,stable,,,,
2326302,valid_T600,3,stable,,,,
2326406,valid_T600,3,stable,,,,
2326408,valid_T600,3,stable,,,,
2326409,valid_T600,3,stable,,,,
2326609,valid_T600,3,stable,,,,
2326701,valid_T600,3,stable,,,,
2326804,valid_T600,3,stable,,,,
2326809,valid_T600,3,stable,,,,
2326905,valid_T600,3,stable,,,,
2327068,valid_T600,3,stable,,,,
2327069,valid_T600,3,stable,,,,
2328209,valid_T600,3,stable,,,,
2328406,valid_T600,3,stable,,,,
2328409,valid_T600,3,stable,,,,
2328502,valid_T600,3,stable,,,,
2328505,valid_T600,3,stable,,,,
2328800,valid_T600,3,stable,,,,
2328902,valid_T600,3,stable,,,,
2328904,valid_T600,3,stable,,,,
2328906,valid_T600,3,stable,,,,
2330240,valid_T600,3,stable,,,,
2422240,valid_T600,3,stable,,,,
2422404,valid_T600,3,stable,,,,
2422704,valid_T600,3,stable,,,,
2422800,valid_T600,3,stable,,,,
2424429,valid_T600,3,stable,,,,
2424445,valid_T600,3,stable,,,,
2424466,valid_T600,3,stable,,,,
2424806,valid_T600,3,stable,,,,
2424809,valid_T600,3,stable,,,,
2424930,valid_T600,3,stable,,,,
2425006,valid_T600,3,stable,,,,
2426020,valid_T600,3,stable,,,,
2426040,valid_T600,3,stable,,,,
2426062,valid_T600,3,stable,,,,
2426072,valid_T600,3,stable,,,,
2426096,valid_T600,3,stable,,,,
2427020,valid_T600,3,stable,,,,
2428040,valid_T600,3,stable,,,,
2428079,valid_T600,3,stable,,,,
2428090,valid_T600,3,stable,,,,
2429400,valid_T600,3,stable,,,,
2429502,valid_T600,3,stable,,,,
2429620,valid_T600,3,stable,,,,
2429630,valid_T600,3,stable,,,,
2429649,valid_T600,3,stable,,,,
2429650,valid_T600,3,stable,,,,
2429676,valid_T600,3,stable,,,,
2429690,valid_T600,3,stable,,,,
2429809,valid_T600,3,stable,,,,
2432220,valid_T600,3,stable,,,,
2432260,valid_T600,3,stable,,,,
2432270,valid_T600,3,stable,,,,
2432286,valid_T600,3,stable,,,,
2432288,valid_T600,3,stable,,,,
2432296,valid_T600,3,stable,,,,
2432299,valid_T600,3,stable,,,,
2432300,valid_T600,3,stable,,,,
2432412,valid_T600,3,stable,,,,
2432420,valid_T600,3,stable,,,,
2432440,valid_T600,3,stable,,,,
2432497,valid_T600,3,stable,,,,
2432509,valid_T600,3,stable,,,,
2432860,valid_T600,3,stable,,,,
2432890,valid_T600,3,stable,,,,
2432904,valid_T600,3,stable,,,,
2434001,valid_T600,3,stable,,,,
2434003,valid_T600,3,stable,,,,
2434004,valid_T600,3,stable,,,,
2434009,valid_T600,3,stable,,,,
2435204,valid_T600,3,stable,,,,
2435206,valid_T600,3,stable,,,,
2435209,valid_T600,3,stable,,,,
2435400,valid_T600,3,stable,,,,
2435600,valid_T600,3,stable,,,,
2435706,valid_T600,3,stable,,,,
2435800,valid_T600,3,stable,,,,
2435902,valid_T600,3,stable,,,,
2436006,valid_T600,3,stable,,,,
2436007,valid_T600,3,stable,,,,
2437004,valid_T600,3,stable,,,,
2438030,valid_T600,3,stable,,,,
2438060,valid_T600,3,stable,,,,
2438082,valid_T600,3,stable,,,,
2442020,valid_T600,3,stable,,,,
2442030,valid_T600,3,stable,,,,
2443502,valid_T600,3,stable,,,,
2443506,valid_T600,3,stable,,,,
2443605,valid_T600,3,stable,,,,
2443803,valid_T600,3,stable,,,,
2443906,valid_T600,3,stable,,,,
2444040,valid_T600,3,stable,,,,
2445025,valid_T600,3,stable,,,,
2445028,valid_T600,3,stable,,,,
2445029,valid_T600,3,stable,,,,
2445044,valid_T600,3,stable,,,,
2445089,valid_T600,3,stable,,,,
2446005,valid_T600,3,stable,,,,
2446009,valid_T600,3,stable,,,,
2447202,valid_T600,3,stable,,,,
2447206,valid_T600,3,stable,,,,
2447209,valid_T600,3,stable,,,,
2447502,valid_T600,3,stable,,,,
2447600,valid_T600,3,stable,,,,
2447800,valid_T600,3,stable,,,,
2448010,valid_T600,3,stable,,,,
2448060,valid_T600,3,stable,,,,
2510210,valid_T600,3,stable,,,,
2510230,valid_T600,3,stable,,,,
2510240,valid_T600,3,stable,,,,
2510290,valid_T600,3,stable,,,,
2510602,valid_T600,3,stable,,,,
2510720,valid_T600,3,stable,,,,
2510740,valid_T600,3,stable,,,,
2510760,valid_T600,3,stable,,,,
2510780,valid_T600,3,stable,,,,
2510920,valid_T600,3,stable,,,,
2521020,valid_T600,3,stable,,,,
2521064,valid_T600,3,stable,,,,
2521080,valid_T600,3,stable,,,,
2522003,valid_T600,3,stable,,,,
2522006,valid_T600,3,stable,,,,
2522007,valid_T600,3,stable,,,,
2524006,valid_T600,3,stable,,,,
2525506,valid_T600,3,stable,,,,
2525604,valid_T600,3,stable,,,,
2526045,valid_T600,3,stable,,,,
2526090,valid_T600,3,stable,,,,
2612010,valid_T600,3,stable,,,,
2612098,valid_T600,3,stable,,,,
2614660,valid_T600,3,stable,,,,
2614804,valid_T600,3,stable,,,,
2616043,valid_T600,3,stable,,,,
2618605,valid_T600,3,stable,,,,
2710800,valid_T600,3,stable,,,,
2828160,valid_T600,3,stable,,,,
2828430,valid_T600,3,stable,,,,
2828990,valid_T600,3,stable,,,,
2831629,valid_T600,3,stable,,,,
2831702,valid_T600,3,stable,,,,
2831806,valid_T600,3,stable,,,,
2832418,valid_T600,3,stable,,,,
2832448,valid_T600,3,stable,,,,
2832999,valid_T600,3,stable,,,,
2833010,valid_T600,3,stable,,,,
2833086,valid_T600,3,stable,,,,
2833089,valid_T600,3,stable,,,,
2834044,valid_T600,3,stable,,,,
2835004,valid_T600,3,stable,,,,
2836100,valid_T600,3,stable,,,,
2836202,valid_T600,3,stable,,,,
2836648,valid_T600,3,stable,,,,
2837029,valid_T600,3,stable,,,,
2837060,valid_T600,3,stable,,,,
2839500,valid_T600,3,stable,,,,
2839702,valid_T600,3,stable,,,,
3120149,valid_T600,3,stable,,,,
3120455,valid_T600,3,stable,,,,
3121080,valid_T600,3,stable,,,,
3124383,valid_T600,3,stable,,,,
3124451,valid_T600,3,stable,,,,
3124620,valid_T600,3,stable,,,,
3124821,valid_T600,3,stable,,,,
3124826,valid_T600,3,stable,,,,
3124834,valid_T600,3,stable,,,,
3124843,valid_T600,3,stable,,,,
3124869,valid_T600,3,stable,,,,
3124876,valid_T600,3,stable,,,,
3124885,valid_T600,3,stable,,,,
3124946,valid_T600,3,stable,,,,
3124965,valid_T600,3,stable,,,,
3124997,valid_T600,3,stable,,,,
3126280,valid_T600,3,stable,,,,
3129031,valid_T600,3,stable,,,,
3129341,valid_T600,3,stable,,,,
3129413,valid_T600,3,stable,,,,
3129974,valid_T600,3,stable,,,,
3132010,valid_T600,3,stable,,,,
3222120,valid_T600,3,stable,,,,
3222708,valid_T600,3,stable,,,,
3222821,valid_T600,3,stable,,,,
3222987,valid_T600,3,stable,,,,
3225803,valid_T600,3,stable,,,,
3226650,valid_T600,3,stable,,,,
3226740,valid_T600,3,stable,,,,
3226848,valid_T600,3,stable,,,,
3227100,valid_T600,3,stable,,,,
3227245,valid_T600,3,stable,,,,
3227425,valid_T600,3,stable,,,,
3227517,valid_T600,3,stable,,,,
3227584,valid_T600,3,stable,,,,
3227680,valid_T600,3,stable,,,,
3227690,valid_T600,3,stable,,,,
3227850,valid_T600,3,stable,,,,
3424510,valid_T600,3,stable,,,,
3424890,valid_T600,3,stable,,,,
3424911,valid_T600,3,stable,,,,
3425603,valid_T600,3,stable,,,,
3427100,valid_T600,3,stable,,,,
3427401,valid_T600,3,stable,,,,
3428610,valid_T600,3,stable,,,,
3428920,valid_T600,3,stable,,,,
3428970,valid_T600,3,stable,,,,
3429506,valid_T600,3,stable,,,,
3512441,valid_T600,3,stable,,,,
3514923,valid_T600,3,stable,,,,
3518291,valid_T600,3,stable,,,,
3518971,valid_T600,3,stable,,,,
3518976,valid_T600,3,stable,,,,
3518978,valid_T600,3,stable,,,,
4120014,valid_T600,3,stable,,,,
4224964,valid_T600,3,stable,,,,
4228706,valid_T600,3,stable,,,,
4618070,valid_T600,3,stable,,,,
4618080,valid_T600,3,stable,,,,
7114010,valid_T600,3,stable,,,,
7118118,valid_T600,3,stable,,,,
7118220,valid_T600,3,stable,,,,
7118263,valid_T600,3,stable,,,,
7118269,valid_T600,3,stable,,,,
7118290,valid_T600,3,stable,,,,
7118520,valid_T600,3,stable,,,,
7118560,valid_T600,3,stable,,,,
7118602,valid_T600,3,stable,,,,
7118608,valid_T600,3,stable,,,,
7118609,valid_T600,3,stable,,,,
7118700,valid_T600,3,stable,,,,
7118970,valid_T600,3,stable,,,,
7119008,valid_T600,3,stable,,,,
7121106,valid_T600,3,stable,,,,
7121107,valid_T600,3,stable,,,,
7121202,valid_T600,3,stable,,,,
7121704,valid_T600,3,stable,,,,
7122001,valid_T600,3,stable,,,,
7122230,valid_T600,3,stable,,,,
7122260,valid_T600,3,stable,,,,
7122289,valid_T600,3,stable,,,,
7122296,valid_T600,3,stable,,,,
7122360,valid_T600,3,stable,,,,
7122390,valid_T600,3,stable,,,,
7122416,valid_T600,3,stable,,,,
7122421,valid_T600,3,stable,,,,
7122422,valid_T600,3,stable,,,,
7122423,valid_T600,3,stable,,,,
7122424,valid_T600,3,stable,,,,
7122428,valid_T600,3,stable,,,,
7122429,valid_T600,3,stable,,,,
7122440,valid_T600,3,stable,,,,
7122460,valid_T600,3,stable,,,,
7122482,valid_T600,3,stable,,,,
7122498,valid_T600,3,stable,,,,
7122499,valid_T600,3,stable,,,,
7122616,valid_T600,3,stable,,,,
7122620,valid_T600,3,stable,,,,
7122654,valid_T600,3,stable,,,,
7122659,valid_T600,3,stable,,,,
7122664,valid_T600,3,stable,,,,
7122674,valid_T600,3,stable,,,,
7122676,valid_T600,3,stable,,,,
7122682,valid_T600,3,stable,,,,
7122684,valid_T600,3,stable,,,,
7122692,valid_T600,3,stable,,,,
7122697,valid_T600,3,stable,,,,
7122820,valid_T600,3,stable,,,,
7122843,valid_T600,3,stable,,,,
7122848,valid_T600,3,stable,,,,
7122849,valid_T600,3,stable,,,,
7122853,valid_T600,3,stable,,,,
7122880,valid_T600,3,stable,,,,
7122894,valid_T600,3,stable,,,,
7122920,valid_T600,3,stable,,,,
7122960,valid_T600,3,stable,,,,
7122996,valid_T600,3,stable,,,,
7122999,valid_T600,3,stable,,,,
7124404,valid_T600,3,stable,,,,
7124706,valid_T600,3,stable,,,,
7124800,valid_T600,3,stable,,,,
7124904,valid_T600,3,stable,,,,
7124909,valid_T600,3,stable,,,,
7125060,valid_T600,3,stable,,,,
7126060,valid_T600,3,stable,,,,
7126090,valid_T600,3,stable,,,,
7128004,valid_T600,3,stable,,,,
7128009,valid_T600,3,stable,,,,
7129006,valid_T600,3,stable,,,,
7129009,valid_T600,3,stable,,,,
7132604,valid_T600,3,stable,,,,
7132700,valid_T600,3,stable,,,,
7134904,valid_T600,3,stable,,,,
7135240,valid_T600,3,stable,,,,
7135250,valid_T600,3,stable,,,,
7135267,valid_T600,3,stable,,,,
7135297,valid_T600,3,stable,,,,
7135655,valid_T600,3,stable,,,,
7135660,valid_T600,3,stable,,,,
7135670,valid_T600,3,stable,,,,
7136650,valid_T600,3,stable,,,,
7136660,valid_T600,3,stable,,,,
7136680,valid_T600,3,stable,,,,
7136692,valid_T600,3,stable,,,,
7136805,valid_T600,3,stable,,,,
7136806,valid_T600,3,stable,,,,
7136910,valid_T600,3,stable,,,,
7136980,valid_T600,3,stable,,,,
7138106,valid_T600,3,stable,,,,
7138108,valid_T600,3,stable,,,,
7138207,valid_T600,3,stable,,,,
7138401,valid_T600,3,stable,,,,
7138409,valid_T600,3,stable,,,,
7138600,valid_T600,3,stable,,,,
7138801,valid_T600,3,stable,,,,
7211066,valid_T600,3,stable,,,,
7211069,valid_T600,3,stable,,,,
7212050,valid_T600,3,stable,,,,
7212070,valid_T600,3,stable,,,,
7214050,valid_T600,3,stable,,,,
7215002,valid_T600,3,stable,,,,
7218066,valid_T600,3,stable,,,,
7219220,valid_T600,3,stable,,,,
7219403,valid_T600,3,stable,,,,
7224080,valid_T600,3,stable,,,,
7230200,valid_T600,3,stable,,,,
7230409,valid_T600,3,stable,,,,
7230600,valid_T600,3,stable,,,,
7231609,valid_T600,3,stable,,,,
7234016,valid_T600,3,stable,,,,
7234044,valid_T600,3,stable,,,,
7235054,valid_T600,3,stable,,,,
7235060,valid_T600,3,stable,,,,
7236009,valid_T600,3,stable,,,,
7239080,valid_T600,3,stable,,,,
7240810,valid_T600,3,stable,,,,
7240830,valid_T600,3,stable,,,,
7240841,valid_T600,3,stable,,,,
7240864,valid_T600,3,stable,,,,
7240869,valid_T600,3,stable,,,,
7240870,valid_T600,3,stable,,,,
7240893,valid_T600,3,stable,,,,
7251002,valid_T600,3,stable,,,,
7251003,valid_T600,3,stable,,,,
7251004,valid_T600,3,stable,,,,
7251006,valid_T600,3,stable,,,,
7252020,valid_T600,3,stable,,,,
7252030,valid_T600,3,stable,,,,
7252070,valid_T600,3,stable,,,,
7253020,valid_T600,3,stable,,,,
7253030,valid_T600,3,stable,,,,
7253042,valid_T600,3,stable,,,,
7253061,valid_T600,3,stable,,,,
7253062,valid_T600,3,stable,,,,
7253066,valid_T600,3,stable,,,,
7253069,valid_T600,3,stable,,,,
7253080,valid_T600,3,stable,,,,
7253090,valid_T600,3,stable,,,,
7254104,valid_T600,3,stable,,,,
7254108,valid_T600,3,stable,,,,
7254500,valid_T600,3,stable,,,,
7254600,valid_T600,3,stable,,,,
7254720,valid_T600,3,stable,,,,
7254740,valid_T600,3,stable,,,,
7254760,valid_T600,3,stable,,,,
7254780,valid_T600,3,stable,,,,
7254800,valid_T600,3,stable,,,,
7254920,valid_T600,3,stable,,,,
7254950,valid_T600,3,stable,,,,
7254960,valid_T600,3,stable,,,,
7255101,valid_T600,3,stable,,,,
7255104,valid_T600,3,stable,,,,
7255201,valid_T600,3,stable,,,,
7255207,valid_T600,3,stable,,,,
7255302,valid_T600,3,stable,,,,
7255304,valid_T600,3,stable,,,,
7255402,valid_T600,3,stable,,,,
7255406,valid_T600,3,stable,,,,
7255510,valid_T600,3,stable,,,,
7255540,valid_T600,3,stable,,,,
7255550,valid_T600,3,stable,,,,
7255560,valid_T600,3,stable,,,,
7255573,valid_T600,3,stable,,,,
7255575,valid_T600,3,stable,,,,
7255580,valid_T600,3,stable,,,,
7255590,valid_T600,3,stable,,,,
7255604,valid_T600,3,stable,,,,
7255608,valid_T600,3,stable,,,,
7255740,valid_T600,3,stable,,,,
7255760,valid_T600,3,stable,,,,
7255777,valid_T600,3,stable,,,,
7255780,valid_T600,3,stable,,,,
7255820,valid_T600,3,stable,,,,
7255830,valid_T600,3,stable,,,,
7255860,valid_T600,3,stable,,,,
7255880,valid_T600,3,stable,,,,
7255900,valid_T600,3,stable,,,,
7256042,valid_T600,3,stable,,,,
7256043,valid_T600,3,stable,,,,
7256044,valid_T600,3,stable,,,,
7256048,valid_T600,3,stable,,,,
7256049,valid_T600,3,stable,,,,
7256060,valid_T600,3,stable,,,,
7256070,valid_T600,3,stable,,,,
7256090,valid_T600,3,stable,,,,
7257040,valid_T600,3,stable,,,,
7257062,valid_T600,3,stable,,,,
7257068,valid_T600,3,stable,,,,
7258102,valid_T600,3,stable,,,,
7258106,valid_T600,3,stable,,,,
7258107,valid_T600,3,stable,,,,
7258108,valid_T600,3,stable,,,,
7258220,valid_T600,3,stable,,,,
7258260,valid_T600,3,stable,,,,
7258270,valid_T600,3,stable,,,,
7258280,valid_T600,3,stable,,,,
7258299,valid_T600,3,stable,,,,
7258320,valid_T600,3,stable,,,,
7258330,valid_T600,3,stable,,,,
7258340,valid_T600,3,stable,,,,
7258360,valid_T600,3,stable,,,,
7258370,valid_T600,3,stable,,,,
7258400,valid_T600,3,stable,,,,
7258601,valid_T600,3,stable,,,,
7258606,valid_T600,3,stable,,,,
7258702,valid_T600,3,stable,,,,
7258704,valid_T600,3,stable,,,,
7259116,valid_T600,3,stable,,,,
7259118,valid_T600,3,stable,,,,
7259202,valid_T600,3,stable,,,,
7259630,valid_T600,3,stable,,,,
7259801,valid_T600,3,stable,,,,
7259802,valid_T600,3,stable,,,,
7259804,valid_T600,3,stable,,,,
7259808,valid_T600,3,stable,,,,
7259920,valid_T600,3,stable,,,,
7259969,valid_T600,3,stable,,,,
7259977,valid_T600,3,stable,,,,
7259990,valid_T600,3,stable,,,,
7260200,valid_T600,3,stable,,,,
7260402,valid_T600,3,stable,,,,
7260602,valid_T600,3,stable,,,,
7260810,valid_T600,3,stable,,,,
7260820,valid_T600,3,stable,,,,
7260840,valid_T600,3,stable,,,,
7260860,valid_T600,3,stable,,,,
7260874,valid_T600,3,stable,,,,
7260880,valid_T600,3,stable,,,,
7260890,valid_T600,3,stable,,,,
7311104,valid_T600,3,stable,,,,
7311204,valid_T600,3,stable,,,,
7311206,valid_T600,3,stable,,,,
7311208,valid_T600,3,stable,,,,
7311209,valid_T600,3,stable,,,,
7311402,valid_T600,3,stable,,,,
7311409,valid_T600,3,stable,,,,
7311600,valid_T600,3,stable,,,,
7311805,valid_T600,3,stable,,,,
7311908,valid_T600,3,stable,,,,
7312007,valid_T600,3,stable,,,,
7312009,valid_T600,3,stable,,,,
7314010,valid_T600,3,stable,,,,
7314020,valid_T600,3,stable,,,,
7314030,valid_T600,3,stable,,,,
7314070,valid_T600,3,stable,,,,
7314080,valid_T600,3,stable,,,,
7314090,valid_T600,3,stable,,,,
7315040,valid_T600,3,stable,,,,
7315062,valid_T600,3,stable,,,,
7315063,valid_T600,3,stable,,,,
7315064,valid_T600,3,stable,,,,
7315065,valid_T600,3,stable,,,,
7316020,valid_T600,3,stable,,,,
7316030,valid_T600,3,stable,,,,
7316049,valid_T600,3,stable,,,,
7316060,valid_T600,3,stable,,,,
7316080,valid_T600,3,stable,,,,
7316090,valid_T600,3,stable,,,,
7318050,valid_T600,3,stable,,,,
7318080,valid_T600,3,stable,,,,
7424250,valid_T600,3,stable,,,,
7424280,valid_T600,3,stable,,,,
7424993,valid_T600,3,stable,,,,
7424994,valid_T600,3,stable,,,,
7424996,valid_T600,3,stable,,,,
7424999,valid_T600,3,stable,,,,
7426649,valid_T600,3,stable,,,,
7426677,valid_T600,3,stable,,,,
7426699,valid_T600,3,stable,,,,
7426769,valid_T600,3,stable,,,,
7426789,valid_T600,3,stable,,,,
7426840,valid_T600,3,stable,,,,
7426880,valid_T600,3,stable,,,,
7426946,valid_T600,3,stable,,,,
7426949,valid_T600,3,stable,,,,
7426957,valid_T600,3,stable,,,,
7426960,valid_T600,3,stable,,,,
7426982,valid_T600,3,stable,,,,
7426986,valid_T600,3,stable,,,,
7426989,valid_T600,3,stable,,,,
7426992,valid_T600,3,stable,,,,
7426993,valid_T600,3,stable,,,,
7426994,valid_T600,3,stable,,,,
7426996,valid_T600,3,stable,,,,
7426997,valid_T600,3,stable,,,,
7426999,valid_T600,3,stable,,,,
7428260,valid_T600,3,stable,,,,
7428410,valid_T600,3,stable,,,,
7428430,valid_T600,3,stable,,,,
7428442,valid_T600,3,stable,,,,
7428480,valid_T600,3,stable,,,,
7428490,valid_T600,3,stable,,,,
7428504,valid_T600,3,stable,,,,
7428627,valid_T600,3,stable,,,,
7428633,valid_T600,3,stable,,,,
7428640,valid_T600,3,stable,,,,
7428723,valid_T600,3,stable,,,,
7428724,valid_T600,3,stable,,,,
7428726,valid_T600,3,stable,,,,
7428727,valid_T600,3,stable,,,,
7428732,valid_T600,3,stable,,,,
7428733,valid_T600,3,stable,,,,
7428734,valid_T600,3,stable,,,,
7428738,valid_T600,3,stable,,,,
7428747,valid_T600,3,stable,,,,
7428749,valid_T600,3,stable,,,,
7428752,valid_T600,3,stable,,,,
7428754,valid_T600,3,stable,,,,
7428756,valid_T600,3,stable,,,,
7428757,valid_T600,3,stable,,,,
7428758,valid_T600,3,stable,,,,
7428762,valid_T600,3,stable,,,,
7428768,valid_T600,3,stable,,,,
7428769,valid_T600,3,stable,,,,
7428770,valid_T600,3,stable,,,,
7428783,valid_T600,3,stable,,,,
7428787,valid_T600,3,stable,,,,
7428810,valid_T600,3,stable,,,,
7428822,valid_T600,3,stable,,,,
7428840,valid_T600,3,stable,,,,
7428890,valid_T600,3,stable,,,,
7428940,valid_T600,3,stable,,,,
7428980,valid_T600,3,stable,,,,
7428990,valid_T600,3,stable,,,,
7429170,valid_T600,3,stable,,,,
7429188,valid_T600,3,stable,,,,
7429340,valid_T600,3,stable,,,,
7429370,valid_T600,3,stable,,,,
7429380,valid_T600,3,stable,,,,
7429410,valid_T600,3,stable,,,,
7429427,valid_T600,3,stable,,,,
7429449,valid_T600,3,stable,,,,
7429468,valid_T600,3,stable,,,,
7429469,valid_T600,3,stable,,,,
7429474,valid_T600,3,stable,,,,
7429496,valid_T600,3,stable,,,,
7429512,valid_T600,3,stable,,,,
7429516,valid_T600,3,stable,,,,
7429522,valid_T600,3,stable,,,,
7429527,valid_T600,3,stable,,,,
7429529,valid_T600,3,stable,,,,
7429536,valid_T600,3,stable,,,,
7429541,valid_T600,3,stable,,,,
7429547,valid_T600,3,stable,,,,
7429548,valid_T600,3,stable,,,,
7429549,valid_T600,3,stable,,,,
7429564,valid_T600,3,stable,,,,
7429569,valid_T600,3,stable,,,,
7429582,valid_T600,3,stable,,,,
7429587,valid_T600,3,stable,,,,
7429589,valid_T600,3,stable,,,,
7429598,valid_T600,3,stable,,,,
7429620,valid_T600,3,stable,,,,
7429649,valid_T600,3,stable,,,,
7429657,valid_T600,3,stable,,,,
7429660,valid_T600,3,stable,,,,
7429690,valid_T600,3,stable,,,,
7429721,valid_T600,3,stable,,,,
7429746,valid_T600,3,stable,,,,
7429747,valid_T600,3,stable,,,,
7429764,valid_T600,3,stable,,,,
7429772,valid_T600,3,stable,,,,
7429774,valid_T600,3,stable,,,,
7429778,valid_T600,3,stable,,,,
7429785,valid_T600,3,stable,,,,
7429788,valid_T600,3,stable,,,,
7429789,valid_T600,3,stable,,,,
7429822,valid_T600,3,stable,,,,
7429824,valid_T600,3,stable,,,,
7429829,valid_T600,3,stable,,,,
7429847,valid_T600,3,stable,,,,
7429861,valid_T600,3,stable,,,,
7429862,valid_T600,3,stable,,,,
7429864,valid_T600,3,stable,,,,
7429865,valid_T600,3,stable,,,,
7429869,valid_T600,3,stable,,,,
7429874,valid_T600,3,stable,,,,
7429880,valid_T600,3,stable,,,,
7429892,valid_T600,3,stable,,,,
7429899,valid_T600,3,stable,,,,
7429932,valid_T600,3,stable,,,,
7429934,valid_T600,3,stable,,,,
7429941,valid_T600,3,stable,,,,
7429944,valid_T600,3,stable,,,,
7429947,valid_T600,3,stable,,,,
7429949,valid_T600,3,stable,,,,
7429952,valid_T600,3,stable,,,,
7429965,valid_T600,3,stable,,,,
7429987,valid_T600,3,stable,,,,
7429995,valid_T600,3,stable,,,,
7429997,valid_T600,3,stable,,,,
7521660,valid_T600,3,stable,,,,
7521695,valid_T600,3,stable,,,,
7521699,valid_T600,3,stable,,,,
7521948,valid_T600,3,stable,,,,
7521990,valid_T600,3,stable,,,,
7720001,valid_T600,3,stable,,,,
7722160,valid_T600,3,stable,,,,
7722180,valid_T600,3,stable,,,,
7722223,valid_T600,3,stable,,,,
7722229,valid_T600,3,stable,,,,
7722230,valid_T600,3,stable,,,,
7722270,valid_T600,3,stable,,,,
7723429,valid_T600,3,stable,,,,
7723800,valid_T600,3,stable,,,,
7724020,valid_T600,3,stable,,,,
7724070,valid_T600,3,stable,,,,
7724082,valid_T600,3,stable,,,,
7726060,valid_T600,3,stable,,,,
7727002,valid_T600,3,stable,,,,
7727008,valid_T600,3,stable,,,,
7728024,valid_T600,3,stable,,,,
7728030,valid_T600,3,stable,,,,
7728041,valid_T600,3,stable,,,,
7728042,valid_T600,3,stable,,,,
7728045,valid_T600,3,stable,,,,
7728060,valid_T600,3,stable,,,,
7729102,valid_T600,3,stable,,,,
7729104,valid_T600,3,stable,,,,
7729209,valid_T600,3,stable,,,,
7729500,valid_T600,3,stable,,,,
7729602,valid_T600,3,stable,,,,
7729603,valid_T600,3,stable,,,,
7729904,valid_T600,3,stable,,,,
7729905,valid_T600,3,stable,,,,
7734012,valid_T600,3,stable,,,,
7734016,valid_T600,3,stable,,,,
7734019,valid_T600,3,stable,,,,
7735069,valid_T600,3,stable,,,,
7736052,valid_T600,3,stable,,,,
7738167,valid_T600,3,stable,,,,
7738168,valid_T600,3,stable,,,,
7738180,valid_T600,3,stable,,,,
7738320,valid_T600,3,stable,,,,
7738379,valid_T600,3,stable,,,,
7738380,valid_T600,3,stable,,,,
7741600,valid_T600,3,stable,,,,
7744014,valid_T600,3,stable,,,,
7744019,valid_T600,3,stable,,,,
7744220,valid_T600,3,stable,,,,
7744230,valid_T600,3,stable,,,,
7744240,valid_T600,3,stable,,,,
7744260,valid_T600,3,stable,,,,
7744280,valid_T600,3,stable,,,,
7744400,valid_T600,3,stable,,,,
7744604,valid_T600,3,stable,,,,
7744930,valid_T600,3,stable,,,,
7744950,valid_T600,3,stable,,,,
7744970,valid_T600,3,stable,,,,
7748070,valid_T600,3,stable,,,,
7748080,valid_T600,3,stable,,,,
7748090,valid_T600,3,stable,,,,
7810066,valid_T600,3,stable,,,,
7821002,valid_T600,3,stable,,,,
7822008,valid_T600,3,stable,,,,
7822009,valid_T600,3,stable,,,,
7823006,valid_T600,3,stable,,,,
7824006,valid_T600,3,stable,,,,
7824009,valid_T600,3,stable,,,,
7825080,valid_T600,3,stable,,,,
7826126,valid_T600,3,stable,,,,
7826160,valid_T600,3,stable,,,,
7826180,valid_T600,3,stable,,,,
7826610,valid_T600,3,stable,,,,
7826630,valid_T600,3,stable,,,,
7826648,valid_T600,3,stable,,,,
7826650,valid_T600,3,stable,,,,
7826680,valid_T600,3,stable,,,,
7826820,valid_T600,3,stable,,,,
7826840,valid_T600,3,stable,,,,
7826859,valid_T600,3,stable,,,,
7826860,valid_T600,3,stable,,,,
7826890,valid_T600,3,stable,,,,
7826930,valid_T600,3,stable,,,,
7827066,valid_T600,3,stable,,,,
7827068,valid_T600,3,stable,,,,
7827069,valid_T600,3,stable,,,,
7828020,valid_T600,3,stable,,,,
7828040,valid_T600,3,stable,,,,
7828090,valid_T600,3,stable,,,,
7829009,valid_T600,3,stable,,,,
7829101,valid_T600,3,stable,,,,
7829102,valid_T600,3,stable,,,,
7829106,valid_T600,3,stable,,,,
7829108,valid_T600,3,stable,,,,
7829209,valid_T600,3,stable,,,,
7829409,valid_T600,3,stable,,,,
7829605,valid_T600,3,stable,,,,
7829606,valid_T600,3,stable,,,,
7829800,valid_T600,3,stable,,,,
7829910,valid_T600,3,stable,,,,
7829940,valid_T600,3,stable,,,,
7829999,valid_T600,3,stable,,,,
7831060,valid_T600,3,stable,,,,
7831080,valid_T600,3,stable,,,,
7832106,valid_T600,3,stable,,,,
7832220,valid_T600,3,stable,,,,
7832240,valid_T600,3,stable,,,,
7832250,valid_T600,3,stable,,,,
7832269,valid_T600,3,stable,,,,
7832306,valid_T600,3,stable,,,,
7832408,valid_T600,3,stable,,,,
7832820,valid_T600,3,stable,,,,
7832841,valid_T600,3,stable,,,,
7832849,valid_T600,3,stable,,,,
7832850,valid_T600,3,stable,,,,
7832860,valid_T600,3,stable,,,,
7832880,valid_T600,3,stable,,,,
7832920,valid_T600,3,stable,,,,
7832999,valid_T600,3,stable,,,,
7833200,valid_T600,3,stable,,,,
7833400,valid_T600,3,stable,,,,
7833800,valid_T600,3,stable,,,,
7834010,valid_T600,3,stable,,,,
7834050,valid_T600,3,stable,,,,
8111029,valid_T600,3,stable,,,,
8112030,valid_T600,3,stable,,,,
8112050,valid_T600,3,stable,,,,
8113040,valid_T600,3,stable,,,,
8114030,valid_T600,3,stable,,,,
8114071,valid_T600,3,stable,,,,
8124720,valid_T600,3,stable,,,,
8124740,valid_T600,3,stable,,,,
8124900,valid_T600,3,stable,,,,
8126060,valid_T600,3,stable,,,,
8126092,valid_T600,3,stable,,,,
8127090,valid_T600,3,stable,,,,
8128010,valid_T600,3,stable,,,,
8129460,valid_T600,3,stable,,,,
8129480,valid_T600,3,stable,,,,
8129603,valid_T600,3,stable,,,,
8129810,valid_T600,3,stable,,,,
8129820,valid_T600,3,stable,,,,
8129860,valid_T600,3,stable,,,,
8129870,valid_T600,3,stable,,,,
8129880,valid_T600,3,stable,,,,
8129890,valid_T600,3,stable,,,,
8129901,valid_T600,3,stable,,,,
8221100,valid_T600,3,stable,,,,
8221211,valid_T600,3,stable,,,,
8221270,valid_T600,3,stable,,,,
8221300,valid_T600,3,stable,,,,
8221406,valid_T600,3,stable,,,,
8222401,valid_T600,3,stable,,,,
8222930,valid_T600,3,stable,,,,
8222950,valid_T600,3,stable,,,,
8223601,valid_T600,3,stable,,,,
8223702,valid_T600,3,stable,,,,
8223900,valid_T600,3,stable,,,,
8224103,valid_T600,3,stable,,,,
8224270,valid_T600,3,stable,,,,
8224699,valid_T600,3,stable,,,,
8224740,valid_T600,3,stable,,,,
8224750,valid_T600,3,stable,,,,
8224760,valid_T600,3,stable,,,,
8224806,valid_T600,3,stable,,,,
8224948,valid_T600,3,stable,,,,
8225130,valid_T600,3,stable,,,,
8225140,valid_T600,3,stable,,,,
8225209,valid_T600,3,stable,,,,
8225487,valid_T600,3,stable,,,,
8225489,valid_T600,3,stable,,,,
8225493,valid_T600,3,stable,,,,
8226222,valid_T600,3,stable,,,,
8226231,valid_T600,3,stable,,,,
8226244,valid_T600,3,stable,,,,
8226270,valid_T600,3,stable,,,,
8226280,valid_T600,3,stable,,,,
8226917,valid_T600,3,stable,,,,
8228412,valid_T600,3,stable,,,,
8228461,valid_T600,3,stable,,,,
8228499,valid_T600,3,stable,,,,
8228502,valid_T600,3,stable,,,,
8228504,valid_T600,3,stable,,,,
8228508,valid_T600,3,stable,,,,
8228509,valid_T600,3,stable,,,,
8228660,valid_T600,3,stable,,,,
8228708,valid_T600,3,stable,,,,
8228709,valid_T600,3,stable,,,,
8228929,valid_T600,3,stable,,,,
8228970,valid_T600,3,stable,,,,
8229240,valid_T600,3,stable,,,,
8229367,valid_T600,3,stable,,,,
8229390,valid_T600,3,stable,,,,
8229480,valid_T600,3,stable,,,,
8229504,valid_T600,3,stable,,,,
8229506,valid_T600,3,stable,,,,
8229508,valid_T600,3,stable,,,,
8229606,valid_T600,3,stable,,,,
8229722,valid_T600,3,stable,,,,
8229770,valid_T600,3,stable,,,,
8229940,valid_T600,3,stable,,,,
8229970,valid_T600,3,stable,,,,
8230424,valid_T600,3,stable,,,,
8313060,valid_T600,3,stable,,,,
8318901,valid_T600,3,stable,,,,
8324210,valid_T600,3,stable,,,,
8324280,valid_T600,3,stable,,,,
8324410,valid_T600,3,stable,,,,
8324509,valid_T600,3,stable,,,,
8324600,valid_T600,3,stable,,,,
